,Live Spectrum 8-8-2024 9:38:00 PM,
Wavelength [nm],Absorbance,
193.589,6,
194.027,0.5918123,
194.465,0.2210881,
194.903,0.01323204,
195.340,-0.1601669,
195.778,-0.2935943,
196.216,-0.235263,
196.654,-0.1164854,
197.092,-0.1638843,
197.530,-0.5128988,
197.968,6,
198.406,0.1500622,
198.844,0.1470661,
199.282,0.2865395,
199.720,0.8202647,
200.158,1.194432,
200.596,6,
201.034,0.07177254,
201.472,0.09334918,
201.909,0.03433728,
202.347,-0.05223214,
202.785,-0.2583196,
203.223,-0.3029271,
203.661,0.02721404,
204.099,0.01932436,
204.537,-0.3942091,
204.975,0.7877534,
205.413,0.7378706,
205.851,1.132164,
206.289,0.89298,
206.727,-0.2953913,
207.165,-0.2142884,
207.603,-0.2362465,
208.040,6,
208.478,1.020056,
208.916,0.07072428,
209.354,0.06446319,
209.792,0.03370867,
210.230,0.01472041,
210.668,0.04168113,
211.106,0.1398203,
211.544,0.01313489,
211.982,0.005568529,
212.420,0.01899819,
212.858,-0.009095985,
213.296,-0.04472259,
213.734,0.03644121,
214.172,-0.0200264,
214.609,-0.1916729,
215.047,-0.4497844,
215.485,-0.4134866,
215.923,0.103352,
216.361,0.3783443,
216.799,0.4424432,
217.237,0.21131,
217.675,-0.05446453,
218.113,-0.2299454,
218.551,-0.0971011,
218.989,0.1882397,
219.427,0.3211395,
219.865,0.16079,
220.303,6,
220.740,6,
221.178,6,
221.616,6,
222.054,6,
222.492,6,
222.930,-0.04528904,
223.368,0.9624842,
223.806,6,
224.244,-0.8678681,
224.682,-0.2338612,
225.120,-0.2560789,
225.558,-0.006123235,
225.996,-0.04240776,
226.434,-0.2568969,
226.871,-0.9090091,
227.309,-0.273147,
227.747,-0.03578276,
228.185,-0.08477343,
228.623,-0.1008241,
229.061,-0.09193162,
229.499,0.1578687,
229.937,-0.4663276,
230.375,-0.741765,
230.813,-0.3787955,
231.251,-0.208894,
231.689,-0.1333501,
232.127,-0.1047781,
232.565,-0.283829,
233.003,-0.4455672,
233.440,-0.05591746,
233.878,0.1765116,
234.316,0.1139921,
234.754,0.01898876,
235.192,-0.08443588,
235.630,-0.3822675,
236.068,6,
236.506,6,
236.944,-0.3667068,
237.382,-0.2523054,
237.820,-0.4012729,
238.258,-0.667346,
238.696,-0.5825652,
239.134,6,
239.571,-0.5355003,
240.009,-0.5892844,
240.447,6,
240.885,6,
241.323,6,
241.761,1.085459,
242.199,0.8853897,
242.637,0.3235515,
243.075,-0.2327221,
243.513,6,
243.951,-0.6954343,
244.389,-0.1780672,
244.827,6,
245.265,0.430307,
245.702,0.3182442,
246.140,0.4243969,
246.578,0.7903032,
247.016,0.5208128,
247.454,0.2143298,
247.892,-0.1268431,
248.330,-0.2749668,
248.768,-0.08152813,
249.206,0.1888339,
249.644,0.05519627,
250.082,-0.1666119,
250.520,0.1398238,
250.958,1.041353,
251.396,1.017603,
251.834,0.8094343,
252.271,6,
252.709,-0.01876908,
253.147,0.07058926,
253.585,-0.1925478,
254.023,-0.08974024,
254.461,-0.005223066,
254.899,0.006761615,
255.337,-0.1456081,
255.775,-0.5180216,
256.213,-0.3975828,
256.651,-0.736856,
257.089,-0.7374359,
257.527,-0.2953065,
257.965,-0.1592752,
258.402,-0.4609623,
258.840,6,
259.278,-0.1863913,
259.716,0.1415796,
260.154,0.1825131,
260.592,0.3649582,
261.030,0.2669378,
261.468,0.2806442,
261.906,0.3389066,
262.344,0.3027385,
262.782,-0.0948653,
263.220,-0.660451,
263.658,-0.4861912,
264.096,-0.05522685,
264.533,0.2508103,
264.971,0.2741864,
265.409,0.1170763,
265.847,-0.01769526,
266.285,0.01565092,
266.723,0.02483894,
267.161,-0.1389674,
267.599,6,
268.037,-0.8816857,
268.475,-0.4530099,
268.913,-0.3124002,
269.351,-0.08003177,
269.789,0.2553888,
270.227,0.4078119,
270.665,-0.03954876,
271.102,6,
271.540,6,
271.978,6,
272.416,-0.2834484,
272.854,-0.2297985,
273.292,-0.6816972,
273.730,-0.75433,
274.168,-0.398499,
274.606,-0.1490956,
275.044,0.02496749,
275.482,0.05543432,
275.920,0.2305979,
276.358,0.3048653,
276.796,0.1755005,
277.233,-0.08655802,
277.671,-0.1149781,
278.109,-0.0745291,
278.547,-0.4534644,
278.985,6,
279.423,6,
279.861,6,
280.299,6,
280.737,6,
281.175,0.05312573,
281.613,0.3901229,
282.051,0.4257986,
282.489,0.3391963,
282.927,0.3311893,
283.364,0.4274911,
283.802,0.3141506,
284.240,0.2711321,
284.678,0.1964978,
285.116,0.07610279,
285.554,0.04951097,
285.992,0.04585976,
286.430,-0.006380023,
286.868,-0.01188079,
287.306,-0.01169699,
287.744,-0.09772936,
288.182,-0.4531865,
288.620,-0.4178398,
289.058,-0.01491327,
289.496,0.1638267,
289.933,0.2792455,
290.371,0.4359748,
290.809,1.618479,
291.247,0.423092,
291.685,0.2260209,
292.123,0.1587384,
292.561,0.1831857,
292.999,0.1555063,
293.437,-0.6011075,
293.875,-0.5806452,
294.313,-0.2012507,
294.751,-0.03832148,
295.189,-0.01023758,
295.627,-0.03702077,
296.064,-0.06109006,
296.502,0.00460583,
296.940,-0.1400057,
297.378,-0.2489623,
297.816,-0.2098951,
298.254,-0.6343789,
298.692,6,
299.130,-0.9887736,
299.568,-0.07597129,
300.006,0.1246915,
300.444,0.2087346,
300.882,0.2599447,
301.320,0.3064684,
301.758,0.2750225,
302.195,0.2009517,
302.633,0.2300655,
303.071,0.2965331,
303.509,0.3404532,
303.947,0.2910687,
304.385,0.2001772,
304.823,0.0429295,
305.261,-0.08692882,
305.699,-0.08809064,
306.137,0.134047,
306.575,0.2723049,
307.013,0.2537662,
307.451,6,
307.889,-0.7828111,
308.327,6,
308.764,0.5214521,
309.202,-0.01297432,
309.640,-0.04411074,
310.078,0.005045582,
310.516,0.0155586,
310.954,0.02736934,
311.392,0.1134112,
311.830,0.2586341,
312.268,0.4275716,
312.706,0.5771597,
313.144,0.5431904,
313.582,0.3251068,
314.020,-0.04502259,
314.458,0.05556055,
314.895,0.0406764,
315.333,0.1064115,
315.771,0.1196021,
316.209,0.05740431,
316.647,-0.01572967,
317.085,0.006035833,
317.523,0.1429687,
317.961,0.2247546,
318.399,0.1601911,
318.837,0.1011449,
319.275,0.3051254,
319.713,6,
320.151,6,
320.589,0.8146988,
321.026,0.06404783,
321.464,-0.6338798,
321.902,6,
322.340,-0.1805421,
322.778,-0.08263709,
323.216,-0.03004218,
323.654,0.1408682,
324.092,0.1674071,
324.530,0.1194098,
324.968,0.1365414,
325.406,0.2729764,
325.844,0.2592142,
326.282,0.1868247,
326.720,0.01432212,
327.158,-0.1600915,
327.595,-0.3285661,
328.033,-0.4888314,
328.471,6,
328.909,6,
329.347,6,
329.785,-0.5483692,
330.223,-0.2208151,
330.661,-0.08004701,
331.099,-0.03304611,
331.537,-0.01707668,
331.975,0.04340072,
332.413,0.1424514,
332.851,0.1235266,
333.289,-0.1009379,
333.726,0.03353992,
334.164,0.2358805,
334.602,0.3931265,
335.040,0.3721663,
335.478,0.3845652,
335.916,0.441971,
336.354,0.3962576,
336.792,0.2903215,
337.230,0.1447802,
337.668,-0.03594936,
338.106,-0.1895952,
338.544,-0.3770173,
338.982,-0.5561374,
339.420,-0.562981,
339.857,-0.1474381,
340.295,-0.0530293,
340.733,0.1044838,
341.171,0.1977191,
341.609,0.1323011,
342.047,0.004840193,
342.485,0.02119866,
342.923,-0.008758073,
343.361,-0.02550297,
343.799,-0.01994469,
344.237,-0.02898382,
344.675,-0.02086729,
345.113,0.09499803,
345.551,0.08327093,
345.989,-0.006001293,
346.426,-0.08991282,
346.864,-0.4541553,
347.302,6,
347.740,6,
348.178,-0.3264659,
348.616,0.04037306,
349.054,-0.1772261,
349.492,-0.235161,
349.930,-0.1416508,
350.368,-0.1009205,
350.806,6,
351.244,0.004379716,
351.682,6,
352.120,0.6802269,
352.557,0.5029641,
352.995,0.3845638,
353.433,0.1442752,
353.871,0.05251695,
354.309,0.09405209,
354.747,0.1485115,
355.185,0.1186166,
355.623,-0.112857,
356.061,-0.5842643,
356.499,-0.03947033,
356.937,0.3136877,
357.375,0.1976257,
357.813,0.09574644,
358.251,0.2387602,
358.689,6,
359.126,6,
359.564,6,
360.002,0.4777606,
360.440,0.4935593,
360.878,0.6011102,
361.316,0.5820661,
361.754,0.3598276,
362.192,-0.06899681,
362.630,-0.20332,
363.068,-0.1637759,
363.506,0.07145558,
363.944,0.06474429,
364.382,-0.08418847,
364.820,-0.265808,
365.257,-0.2810575,
365.695,-0.03172061,
366.133,0.08616389,
366.571,0.08624104,
367.009,0.07568924,
367.447,0.05028435,
367.885,-0.05445939,
368.323,-0.3150709,
368.761,-0.07517095,
369.199,0.1485557,
369.637,0.1472058,
370.075,0.1153391,
370.513,0.1253854,
370.951,0.1356889,
371.388,0.09673012,
371.826,0.06700804,
372.264,0.09596017,
372.702,0.1469908,
373.140,0.1849179,
373.578,0.19009,
374.016,0.1836151,
374.454,0.1556594,
374.892,0.09575715,
375.330,0.1065364,
375.768,0.2073929,
376.206,0.291736,
376.644,0.3770757,
377.082,0.4518998,
377.520,0.3833315,
377.957,0.1288873,
378.395,0.1832525,
378.833,0.2327262,
379.271,0.2337882,
379.709,0.1920026,
380.147,0.1530928,
380.585,0.1542992,
381.023,0.1859889,
381.461,0.1584097,
381.899,0.1482274,
382.337,0.1277491,
382.775,0.1750238,
383.213,0.2379768,
383.651,0.2344814,
384.088,0.1534861,
384.526,0.07680192,
384.964,0.05816721,
385.402,0.02237728,
385.840,0.002318075,
386.278,0.009794368,
386.716,0.03252733,
387.154,0.04549458,
387.592,0.0351268,
388.030,0.03248336,
388.468,0.08401156,
388.906,0.1143764,
389.344,0.1227123,
389.782,0.1327465,
390.219,0.1638117,
390.657,0.1987838,
391.095,0.1838379,
391.533,0.1609769,
391.971,0.1617852,
392.409,0.1623145,
392.847,0.1670439,
393.285,0.1911717,
393.723,0.2250606,
394.161,0.203752,
394.599,0.1584913,
395.037,0.1203278,
395.475,0.1094929,
395.913,0.1551798,
396.351,0.2235152,
396.788,0.2142448,
397.226,0.1585243,
397.664,0.1094935,
398.102,0.09899476,
398.540,0.116436,
398.978,0.1483745,
399.416,0.1585507,
399.854,0.132164,
400.292,0.1356488,
400.730,0.188129,
401.168,0.2141451,
401.606,0.2127777,
402.044,0.2337203,
402.482,0.2445505,
402.919,0.2052495,
403.357,0.1472633,
403.795,0.1367649,
404.233,0.1493056,
404.671,0.1365563,
405.109,0.1125896,
405.547,0.1035238,
405.985,0.1093891,
406.423,0.1280783,
406.861,0.156932,
407.299,0.1596336,
407.737,0.145592,
408.175,0.1573113,
408.613,0.1156097,
409.050,0.06698675,
409.488,0.05318211,
409.926,0.05745814,
410.364,0.05025677,
410.802,0.07545035,
411.240,0.1420974,
411.678,0.1650177,
412.116,0.1467582,
412.554,0.1236236,
412.992,0.1180718,
413.430,0.1120796,
413.868,0.09283645,
414.306,0.108197,
414.744,0.1256981,
415.182,0.1221699,
415.619,0.1145127,
416.057,0.1163123,
416.495,0.1350475,
416.933,0.1675524,
417.371,0.1924964,
417.809,0.1732098,
418.247,0.1745971,
418.685,0.1861555,
419.123,0.1933102,
419.561,0.1918004,
419.999,0.1879942,
420.437,0.1882292,
420.875,0.1846639,
421.313,0.1668594,
421.750,0.1704298,
422.188,0.1813702,
422.626,0.1729732,
423.064,0.149232,
423.502,0.1340851,
423.940,0.1460872,
424.378,0.1677685,
424.816,0.1712851,
425.254,0.1557975,
425.692,0.1433995,
426.130,0.1558358,
426.568,0.1835255,
427.006,0.202464,
427.444,0.2009346,
427.881,0.2018084,
428.319,0.2088745,
428.757,0.2075119,
429.195,0.1966787,
429.633,0.1988857,
430.071,0.2158222,
430.509,0.223427,
430.947,0.2054059,
431.385,0.1850212,
431.823,0.1841595,
432.261,0.1862194,
432.699,0.181155,
433.137,0.1764161,
433.575,0.177354,
434.013,0.1762833,
434.450,0.1644088,
434.888,0.149036,
435.326,0.1537744,
435.764,0.1738405,
436.202,0.1897064,
436.640,0.194105,
437.078,0.1864915,
437.516,0.1792094,
437.954,0.1864507,
438.392,0.2059405,
438.830,0.212475,
439.268,0.1922568,
439.706,0.1821654,
440.144,0.1917435,
440.581,0.2050176,
441.019,0.2158152,
441.457,0.2228687,
441.895,0.2230471,
442.333,0.2109121,
442.771,0.199129,
443.209,0.204347,
443.647,0.2190942,
444.085,0.2236954,
444.523,0.2134077,
444.961,0.1947388,
445.399,0.1775522,
445.837,0.1683033,
446.275,0.1721012,
446.712,0.1683139,
447.150,0.1850793,
447.588,0.216967,
448.026,0.238413,
448.464,0.2348994,
448.902,0.2258672,
449.340,0.2248801,
449.778,0.2197134,
450.216,0.2199972,
450.654,0.2301318,
451.092,0.2343765,
451.530,0.2462884,
451.968,0.2421717,
452.406,0.2365831,
452.844,0.2411244,
453.281,0.2487624,
453.719,0.2468286,
454.157,0.2403364,
454.595,0.2326328,
455.033,0.2333439,
455.471,0.2370675,
455.909,0.2376144,
456.347,0.2305334,
456.785,0.2227468,
457.223,0.220467,
457.661,0.2183935,
458.099,0.2253797,
458.537,0.2408128,
458.975,0.2461037,
459.412,0.249601,
459.850,0.2531533,
460.288,0.2567191,
460.726,0.2608052,
461.164,0.2713237,
461.602,0.295136,
462.040,0.3096421,
462.478,0.2883794,
462.916,0.271263,
463.354,0.2739067,
463.792,0.2662027,
464.230,0.2485257,
464.668,0.2400341,
465.106,0.2438171,
465.543,0.2475181,
465.981,0.2534707,
466.419,0.2722589,
466.857,0.2802661,
467.295,0.2929454,
467.733,0.2960347,
468.171,0.2935472,
468.609,0.2980475,
469.047,0.3085883,
469.485,0.313928,
469.923,0.3150855,
470.361,0.3146228,
470.799,0.30915,
471.237,0.309717,
471.675,0.3055884,
472.112,0.2975991,
472.550,0.294277,
472.988,0.2987158,
473.426,0.3040203,
473.864,0.3025122,
474.302,0.3009359,
474.740,0.3066884,
475.178,0.3139169,
475.616,0.3147198,
476.054,0.3160004,
476.492,0.322788,
476.930,0.3339825,
477.368,0.3464047,
477.806,0.3542425,
478.243,0.3489978,
478.681,0.3315397,
479.119,0.3203324,
479.557,0.3234863,
479.995,0.3283877,
480.433,0.3329929,
480.871,0.3399201,
481.309,0.3465196,
481.747,0.3512351,
482.185,0.3562594,
482.623,0.3578758,
483.061,0.3542227,
483.499,0.3476899,
483.937,0.3386964,
484.374,0.343718,
484.812,0.3542407,
485.250,0.3646798,
485.688,0.371038,
486.126,0.371219,
486.564,0.3694701,
487.002,0.374788,
487.440,0.3828185,
487.878,0.3852913,
488.316,0.385003,
488.754,0.3880517,
489.192,0.3945156,
489.630,0.3963381,
490.068,0.3957459,
490.506,0.398083,
490.943,0.3980173,
491.381,0.3878835,
491.819,0.3895769,
492.257,0.4004811,
492.695,0.4047398,
493.133,0.4058113,
493.571,0.4062741,
494.009,0.410677,
494.447,0.4138943,
494.885,0.4128575,
495.323,0.4125238,
495.761,0.4163295,
496.199,0.4159996,
496.637,0.4020705,
497.074,0.4031332,
497.512,0.412485,
497.950,0.4226202,
498.388,0.43128,
498.826,0.4345937,
499.264,0.4315066,
499.702,0.4274414,
500.140,0.4266611,
500.578,0.4224569,
501.016,0.4167242,
501.454,0.4211299,
501.892,0.4248424,
502.330,0.42304,
502.768,0.416745,
503.206,0.417129,
503.643,0.4217741,
504.081,0.4273668,
504.519,0.4350536,
504.957,0.4413242,
505.395,0.4378347,
505.833,0.4285263,
506.271,0.4245403,
506.709,0.4280364,
507.147,0.4252681,
507.585,0.422977,
508.023,0.426611,
508.461,0.4300958,
508.899,0.4295945,
509.337,0.4293795,
509.774,0.4328413,
510.212,0.4367628,
510.650,0.4434358,
511.088,0.4429734,
511.526,0.4293728,
511.964,0.4250402,
512.402,0.4257536,
512.840,0.4276085,
513.278,0.4302976,
513.716,0.4353833,
514.154,0.4415434,
514.592,0.4453139,
515.030,0.4458219,
515.468,0.4411285,
515.905,0.4420653,
516.343,0.4423865,
516.781,0.4465438,
517.219,0.4541241,
517.657,0.4546389,
518.095,0.4464958,
518.533,0.4337901,
518.971,0.4251321,
519.409,0.4233411,
519.847,0.4210333,
520.285,0.4196096,
520.723,0.4246752,
521.161,0.4270759,
521.599,0.4268635,
522.037,0.4250988,
522.474,0.4216924,
522.912,0.4205873,
523.350,0.421321,
523.788,0.420088,
524.226,0.4185964,
524.664,0.4214183,
525.102,0.4248118,
525.540,0.4208553,
525.978,0.4147918,
526.416,0.4142115,
526.854,0.416482,
527.292,0.4127931,
527.730,0.4105598,
528.168,0.4125642,
528.605,0.4138046,
529.043,0.4105264,
529.481,0.4072878,
529.919,0.407812,
530.357,0.4078003,
530.795,0.4078004,
531.233,0.4071069,
531.671,0.4100508,
532.109,0.4093936,
532.547,0.399385,
532.985,0.3897462,
533.423,0.3822816,
533.861,0.3804761,
534.299,0.3834934,
534.736,0.3843516,
535.174,0.3804575,
535.612,0.3777907,
536.050,0.3785511,
536.488,0.3768967,
536.926,0.3736299,
537.364,0.3711842,
537.802,0.3705211,
538.240,0.3689762,
538.678,0.3726671,
539.116,0.3791715,
539.554,0.3773083,
539.992,0.3705933,
540.430,0.3672551,
540.868,0.364974,
541.305,0.3596791,
541.743,0.3572369,
542.181,0.3559683,
542.619,0.3540931,
543.057,0.3501147,
543.495,0.3519699,
543.933,0.3547164,
544.371,0.3538502,
544.809,0.3535172,
545.247,0.3530784,
545.685,0.3472348,
546.123,0.3394048,
546.561,0.3346765,
546.999,0.3332217,
547.436,0.3356331,
547.874,0.3350183,
548.312,0.3275988,
548.750,0.3224167,
549.188,0.3206094,
549.626,0.3161683,
550.064,0.3108987,
550.502,0.3067328,
550.940,0.3044768,
551.378,0.3041044,
551.816,0.3031615,
552.254,0.3027436,
552.692,0.302937,
553.130,0.2991535,
553.567,0.2925273,
554.005,0.2889214,
554.443,0.2843503,
554.881,0.2810595,
555.319,0.2768383,
555.757,0.2757668,
556.195,0.2749979,
556.633,0.271266,
557.071,0.2671538,
557.509,0.2652047,
557.947,0.2619506,
558.385,0.2576314,
558.823,0.253479,
559.261,0.2473319,
559.699,0.2407169,
560.136,0.2381799,
560.574,0.2401055,
561.012,0.2400399,
561.450,0.2364934,
561.888,0.2361536,
562.326,0.2304001,
562.764,0.2240973,
563.202,0.2204945,
563.640,0.2162939,
564.078,0.2114279,
564.516,0.206738,
564.954,0.1997928,
565.392,0.1929342,
565.830,0.1928785,
566.267,0.1966449,
566.705,0.1956265,
567.143,0.1918049,
567.581,0.1864792,
568.019,0.1812964,
568.457,0.1794419,
568.895,0.1748037,
569.333,0.1696255,
569.771,0.1677108,
570.209,0.1686718,
570.647,0.167666,
571.085,0.1614209,
571.523,0.1554463,
571.961,0.1527061,
572.398,0.1484997,
572.836,0.1422978,
573.274,0.1394388,
573.712,0.1376108,
574.150,0.1334751,
574.588,0.1320562,
575.026,0.1334594,
575.464,0.1315691,
575.902,0.1283749,
576.340,0.1261511,
576.778,0.1237567,
577.216,0.1210159,
577.654,0.1210694,
578.092,0.1197322,
578.530,0.1147255,
578.967,0.1102534,
579.405,0.1085322,
579.843,0.1068289,
580.281,0.1044958,
580.719,0.1028992,
581.157,0.09992864,
581.595,0.09884445,
582.033,0.09833926,
582.471,0.09842031,
582.909,0.0975147,
583.347,0.09184174,
583.785,0.08768586,
584.223,0.08358427,
584.661,0.0815666,
585.098,0.08064882,
585.536,0.07917276,
585.974,0.07694602,
586.412,0.07367011,
586.850,0.06970573,
587.288,0.06696332,
587.726,0.06571963,
588.164,0.06453848,
588.602,0.06466118,
589.040,0.06448583,
589.478,0.06219566,
589.916,0.06026675,
590.354,0.06229187,
590.792,0.06333637,
591.229,0.05966356,
591.667,0.05816563,
592.105,0.05851132,
592.543,0.05744797,
592.981,0.05539317,
593.419,0.05292344,
593.857,0.05167391,
594.295,0.05134034,
594.733,0.05144716,
595.171,0.05397377,
595.609,0.05773557,
596.047,0.05850035,
596.485,0.05726148,
596.923,0.05570556,
597.361,0.05293326,
597.798,0.05255309,
598.236,0.05153406,
598.674,0.04804161,
599.112,0.04808568,
599.550,0.04808143,
599.988,0.0484968,
600.426,0.0486636,
600.864,0.04870348,
601.302,0.04769994,
601.740,0.04426592,
602.178,0.04095574,
602.616,0.04001796,
603.054,0.03994484,
603.492,0.03931116,
603.929,0.03834767,
604.367,0.03766648,
604.805,0.03702617,
605.243,0.03532839,
605.681,0.03282668,
606.119,0.03051254,
606.557,0.03124436,
606.995,0.03704733,
607.433,0.03988237,
607.871,0.03831887,
608.309,0.03650044,
608.747,0.03674519,
609.185,0.03426172,
609.623,0.03479061,
610.060,0.03850337,
610.498,0.03862642,
610.936,0.03754392,
611.374,0.03777116,
611.812,0.03719815,
612.250,0.03606663,
612.688,0.03686665,
613.126,0.03866658,
613.564,0.03964925,
614.002,0.03931228,
614.440,0.03694927,
614.878,0.03452206,
615.316,0.03498704,
615.754,0.03580641,
616.192,0.0362652,
616.629,0.03600367,
617.067,0.0331323,
617.505,0.03165907,
617.943,0.03341122,
618.381,0.0335009,
618.819,0.03277216,
619.257,0.03457955,
619.695,0.03637344,
620.133,0.03922681,
620.571,0.04116565,
621.009,0.04156441,
621.447,0.03937389,
621.885,0.03641524,
622.323,0.03691433,
622.760,0.03733975,
623.198,0.03431463,
623.636,0.03023954,
624.074,0.02819167,
624.512,0.02750917,
624.950,0.02666904,
625.388,0.0273949,
625.826,0.03027702,
626.264,0.03232296,
626.702,0.03337345,
627.140,0.03364066,
627.578,0.03389184,
628.016,0.03497102,
628.454,0.03603698,
628.891,0.03709086,
629.329,0.03814939,
629.767,0.03926372,
630.205,0.03886195,
630.643,0.03820089,
631.081,0.03882042,
631.519,0.03983937,
631.957,0.0373689,
632.395,0.03378215,
632.833,0.0316184,
633.271,0.03122944,
633.709,0.02985189,
634.147,0.0280949,
634.585,0.02816054,
635.023,0.02826903,
635.460,0.02848404,
635.898,0.02857499,
636.336,0.02777918,
636.774,0.02654463,
637.212,0.02590228,
637.650,0.02564574,
638.088,0.0252815,
638.526,0.02508221,
638.964,0.0252554,
639.402,0.02670132,
639.840,0.02943308,
640.278,0.03110863,
640.716,0.03070893,
641.154,0.02863319,
641.591,0.02752223,
642.029,0.02714431,
642.467,0.02778465,
642.905,0.0310132,
643.343,0.0317926,
643.781,0.02974763,
644.219,0.02772563,
644.657,0.03024241,
645.095,0.03319513,
645.533,0.03151041,
645.971,0.03215615,
646.409,0.02874347,
646.847,0.02338199,
647.285,0.02238816,
647.722,0.02195769,
648.160,0.02223979,
648.598,0.02178791,
649.036,0.02172017,
649.474,0.02548936,
649.912,0.02960164,
650.350,0.03009503,
650.788,0.02818496,
651.226,0.02745106,
651.664,0.02694146,
652.102,0.02573885,
652.540,0.02643361,
652.978,0.02824002,
653.416,0.02977633,
653.854,0.03003321,
654.291,0.02883021,
654.729,0.02817272,
655.167,0.02838952,
655.605,0.02983175,
656.043,0.03189101,
656.481,0.03234811,
656.919,0.03298691,
657.357,0.03336902,
657.795,0.03119376,
658.233,0.0279351,
658.671,0.02759304,
659.109,0.0286446,
659.547,0.02677355,
659.985,0.02301086,
660.422,0.01984228,
660.860,0.01783535,
661.298,0.01782583,
661.736,0.02030279,
662.174,0.02352666,
662.612,0.02699413,
663.050,0.0269058,
663.488,0.02368246,
663.926,0.0218189,
664.364,0.0200239,
664.802,0.01791361,
665.240,0.01926784,
665.678,0.01973356,
666.116,0.01902664,
666.554,0.02088587,
666.991,0.02258426,
667.429,0.02142486,
667.867,0.02093983,
668.305,0.0227308,
668.743,0.02172483,
669.181,0.01810971,
669.619,0.01717007,
670.057,0.02042528,
670.495,0.02389877,
670.933,0.02528482,
671.371,0.02446933,
671.809,0.02422979,
672.247,0.02341721,
672.685,0.02221229,
673.122,0.0220118,
673.560,0.02142242,
673.998,0.02067939,
674.436,0.01955834,
674.874,0.01838979,
675.312,0.0186443,
675.750,0.01996336,
676.188,0.01934161,
676.626,0.0193865,
677.064,0.02208248,
677.502,0.02332463,
677.940,0.02186598,
678.378,0.01936608,
678.816,0.01801214,
679.253,0.01722788,
679.691,0.01614449,
680.129,0.01581574,
680.567,0.01520734,
681.005,0.01319986,
681.443,0.01280421,
681.881,0.01428829,
682.319,0.01366693,
682.757,0.01263362,
683.195,0.01298243,
683.633,0.01366839,
684.071,0.01464236,
684.509,0.01503319,
684.947,0.01449666,
685.385,0.0145298,
685.822,0.01698532,
686.260,0.02140838,
686.698,0.02415169,
687.136,0.02504494,
687.574,0.02715548,
688.012,0.02906833,
688.450,0.02872624,
688.888,0.02706591,
689.326,0.02453436,
689.764,0.02193085,
690.202,0.02179074,
690.640,0.02241732,
691.078,0.02108783,
691.516,0.02008764,
691.953,0.02100789,
692.391,0.02246496,
692.829,0.02195028,
693.267,0.02101172,
693.705,0.02189446,
694.143,0.02190931,
694.581,0.01898117,
695.019,0.01689084,
695.457,0.01884028,
695.895,0.02051206,
696.333,0.01986338,
696.771,0.0192464,
697.209,0.01802392,
697.647,0.01625506,
698.084,0.01507766,
698.522,0.01367646,
698.960,0.0120304,
699.398,0.01090548,
699.836,0.01177104,
700.274,0.01409956,
700.712,0.01583117,
701.150,0.01750065,
701.588,0.01919987,
702.026,0.01894241,
702.464,0.0167627,
702.902,0.01473479,
703.340,0.01321821,
703.778,0.01320477,
704.216,0.01563627,
704.653,0.01687092,
705.091,0.01542181,
705.529,0.01351637,
705.967,0.01220165,
706.405,0.0102305,
706.843,0.008396192,
707.281,0.008854693,
707.719,0.01036695,
708.157,0.0120093,
708.595,0.01364037,
709.033,0.01458216,
709.471,0.01484121,
709.909,0.0138012,
710.347,0.01223665,
710.784,0.01158325,
711.222,0.01153515,
711.660,0.01215161,
712.098,0.01439375,
712.536,0.0182401,
712.974,0.02083061,
713.412,0.02083964,
713.850,0.01991325,
714.288,0.01919984,
714.726,0.01978392,
715.164,0.01960408,
715.602,0.01795419,
716.040,0.01674822,
716.478,0.01478125,
716.915,0.01085906,
717.353,0.006551462,
717.791,0.003692876,
718.229,0.004342362,
718.667,0.004412462,
719.105,0.005794591,
719.543,0.008358462,
719.981,0.009470941,
720.419,0.01150718,
720.857,0.01354404,
721.295,0.01442357,
721.733,0.01105937,
722.171,0.008143958,
722.609,0.007418068,
723.047,0.007384183,
723.484,0.008555746,
723.922,0.0104045,
724.360,0.01302407,
724.798,0.01513345,
725.236,0.01726472,
725.674,0.01642105,
726.112,0.01254211,
726.550,0.00884585,
726.988,0.008779876,
727.426,0.01011769,
727.864,0.009767618,
728.302,0.009761095,
728.740,0.01249009,
729.178,0.01575786,
729.615,0.01718672,
730.053,0.01774299,
730.491,0.01878016,
730.929,0.01984243,
731.367,0.02054329,
731.805,0.02133758,
732.243,0.02125091,
732.681,0.02016214,
733.119,0.01929071,
733.557,0.01752961,
733.995,0.01444273,
734.433,0.01064415,
734.871,0.007941533,
735.309,0.006229085,
735.746,0.005138527,
736.184,0.005132555,
736.622,0.0044572,
737.060,0.00295015,
737.498,0.003575968,
737.936,0.004489701,
738.374,0.006735318,
738.812,0.009165241,
739.250,0.01012894,
739.688,0.01255202,
740.126,0.01386394,
740.564,0.01271773,
741.002,0.01167885,
741.440,0.01058835,
741.878,0.008373697,
742.315,0.008543943,
742.753,0.008802234,
743.191,0.008604281,
743.629,0.008437832,
744.067,0.006294534,
744.505,0.003900386,
744.943,0.002587074,
745.381,0.002668273,
745.819,0.003053238,
746.257,0.00176767,
746.695,0.0009279586,
747.133,0.002750786,
747.571,0.004965952,
748.009,0.006608385,
748.446,0.006993361,
748.884,0.007511805,
749.322,0.009793235,
749.760,0.01367804,
750.198,0.01786455,
750.636,0.0208712,
751.074,0.02257768,
751.512,0.02237419,
751.950,0.02098002,
752.388,0.01937562,
752.826,0.01681035,
753.264,0.01324745,
753.702,0.008561859,
754.140,0.004706215,
754.577,0.003530155,
755.015,0.004751436,
755.453,0.006760824,
755.891,0.00739826,
756.329,0.00907442,
756.767,0.009735221,
757.205,0.008673889,
757.643,0.00867009,
758.081,0.007622018,
758.519,0.007167205,
758.957,0.008617224,
759.395,0.01031897,
759.833,0.01224452,
760.271,0.01353943,
760.709,0.01220065,
761.146,0.009897626,
761.584,0.008378879,
762.022,0.008014367,
762.460,0.007959202,
762.898,0.006354867,
763.336,0.003682215,
763.774,0.003802579,
764.212,0.005015248,
764.650,0.004657549,
765.088,0.005528196,
765.526,0.006015656,
765.964,0.003897103,
766.402,0.001714313,
766.840,0.001438159,
767.277,0.002938039,
767.715,0.005217754,
768.153,0.005763911,
768.591,0.004480649,
769.029,0.003616314,
769.467,0.00465616,
769.905,0.006248304,
770.343,0.0059024,
770.781,0.005123473,
771.219,0.005722631,
771.657,0.004593073,
772.095,0.002733683,
772.533,0.003240837,
772.971,0.004786068,
773.408,0.005376555,
773.846,0.004412316,
774.284,0.00375802,
774.722,0.003820135,
775.160,0.004630723,
775.598,0.006272659,
776.036,0.007699809,
776.474,0.00677509,
776.912,0.004898362,
777.350,0.003628341,
777.788,0.002445735,
778.226,0.001636882,
778.664,-0.000769837,
779.102,-0.00480084,
779.540,-0.006033156,
779.977,-0.00476072,
780.415,-0.002712933,
780.853,-0.001149105,
781.291,0.0004167494,
781.729,0.0006795115,
782.167,-0.001045238,
782.605,-0.002622053,
783.043,-0.003973566,
783.481,-0.004212266,
783.919,-0.004005033,
784.357,-0.004762204,
784.795,-0.005564477,
785.233,-0.004667487,
785.671,-0.004426199,
786.108,-0.005894651,
786.546,-0.00816309,
786.984,-0.008819786,
787.422,-0.008465533,
787.860,-0.008426306,
788.298,-0.007083514,
788.736,-0.004878505,
789.174,-0.001852016,
789.612,0.001644889,
790.050,0.003223274,
790.488,0.002118229,
790.926,0.001503446,
791.364,0.003644046,
791.802,0.005642395,
792.239,0.005821614,
792.677,0.006123088,
793.115,0.005823334,
793.553,0.004555038,
793.991,0.003617234,
794.429,0.002933445,
794.867,0.002464193,
795.305,0.001396086,
795.743,-0.0007016969,
796.181,-0.002693964,
796.619,-0.003415964,
797.057,-0.004052484,
797.495,-0.004997716,
797.933,-0.006244762,
798.371,-0.005876691,
798.808,-0.004870295,
799.246,-0.004174392,
799.684,-0.002057124,
800.122,-0.0004293739,
800.560,0.0006264853,
800.998,0.001943711,
801.436,0.001725371,
801.874,0.001168751,
802.312,0.0008555144,
802.750,0.0005970367,
803.188,0.0005129102,
803.626,0.0003454772,
804.064,0.0008775125,
804.502,0.002129882,
804.939,0.003161054,
805.377,0.003482992,
805.815,0.002479654,
806.253,0.0004768825,
806.691,-0.001863079,
807.129,-0.004007992,
807.567,-0.00324258,
808.005,-0.002749923,
808.443,-0.003016437,
808.881,-0.001882335,
809.319,-0.001986964,
809.757,-0.00250406,
810.195,-0.003558389,
810.633,-0.003963222,
811.071,-0.003363849,
811.508,-0.002337338,
811.946,-0.0003109705,
812.384,0.0006120482,
812.822,0.0004378594,
813.260,-0.00123461,
813.698,-0.002398822,
814.136,-0.001794045,
814.574,-0.0005143818,
815.012,0.001077153,
815.450,0.002669073,
815.888,0.003847742,
816.326,0.004909369,
816.764,0.005243845,
817.202,0.004149534,
817.639,0.003989813,
818.077,0.003001432,
818.515,0.003306734,
818.953,0.005289652,
819.391,0.00610821,
819.829,0.005247928,
820.267,0.004441121,
820.705,0.004273956,
821.143,0.002867401,
821.581,0.0003174302,
822.019,-0.0007710924,
822.457,-0.0006305446,
822.895,-0.001242523,
823.333,-0.004714378,
823.770,-0.00795846,
824.208,-0.007540136,
824.646,-0.005772965,
825.084,-0.003665721,
825.522,-0.001349185,
825.960,-0.0005962313,
826.398,-0.001953209,
826.836,-0.00355746,
827.274,-0.003913477,
827.712,-0.002083252,
828.150,-7.242616E-5,
828.588,0.0009457283,
829.026,0.002749552,
829.464,0.00353327,
829.902,0.003345174,
830.339,0.003964607,
830.777,0.004130981,
831.215,0.003348484,
831.653,0.00151629,
832.091,-0.0009062284,
832.529,-0.001216484,
832.967,0.0007447164,
833.405,0.002544293,
833.843,0.003676609,
834.281,0.004161775,
834.719,0.002965681,
835.157,0.001876684,
835.595,0.002276537,
836.033,0.002718173,
836.470,0.001459006,
836.908,-0.0001177769,
837.346,-0.001655221,
837.784,-0.003724758,
838.222,-0.00647149,
838.660,-0.007284725,
839.098,-0.006915621,
839.536,-0.007573653,
839.974,-0.007894254,
840.412,-0.007184252,
840.850,-0.005790411,
841.288,-0.005167491,
841.726,-0.005653348,
842.164,-0.005721803,
842.601,-0.005556402,
843.039,-0.0041303,
843.477,-0.001028854,
843.915,0.003394148,
844.353,0.006630502,
844.791,0.007438377,
845.229,0.008989946,
845.667,0.009601968,
846.105,0.008473946,
846.543,0.008462254,
846.981,0.007963753,
847.419,0.006369058,
847.857,0.004833021,
848.295,0.004687354,
848.733,0.003767665,
849.170,0.002018615,
849.608,0.0007818978,
850.046,0.0001226004,
850.484,-6.06516E-6,
850.922,0.002014132,
851.360,0.005231341,
851.798,0.003840704,
852.236,-0.0001553809,
852.674,-0.0006316215,
853.112,0.0002566219,
853.550,-0.0001884521,
853.988,0.0005272858,
854.426,0.001174477,
854.864,0.00123504,
855.301,0.001676319,
855.739,0.003312977,
856.177,0.005309553,
856.615,0.008926551,
857.053,0.01093237,
857.491,0.009856858,
857.929,0.008182629,
858.367,0.006925922,
858.805,0.006554127,
859.243,0.00697898,
859.681,0.008302521,
860.119,0.009455517,
860.557,0.01023482,
860.995,0.0104397,
861.432,0.008934413,
861.870,0.006309116,
862.308,0.003705025,
862.746,0.00155621,
863.184,-0.0008657118,
863.622,-0.002024139,
864.060,-0.003465028,
864.498,-0.003362323,
864.936,0.001079989,
865.374,0.003644435,
865.812,0.00287019,
866.250,0.004170103,
866.688,0.008570358,
867.126,0.0102993,
867.564,0.01064713,
868.001,0.01042274,
868.439,0.008641996,
868.877,0.005845214,
869.315,0.004150243,
869.753,0.005003681,
870.191,0.005503283,
870.629,0.005622487,
871.067,0.006163656,
871.505,0.006139855,
871.943,0.005617825,
872.381,0.005749087,
872.819,0.005971417,
873.257,0.004721713,
873.695,0.002863571,
874.132,0.001395598,
874.570,0.0007890337,
875.008,0.001758293,
875.446,0.002099142,
875.884,0.001289602,
876.322,0.002871046,
876.760,0.004854806,
877.198,0.004737012,
877.636,0.004302648,
878.074,0.005330874,
878.512,0.005940611,
878.950,0.006485094,
879.388,0.008748611,
879.826,0.009071342,
880.263,0.006865966,
880.701,0.005097586,
881.139,0.006417912,
881.577,0.006720912,
882.015,0.004216188,
882.453,0.001591878,
882.891,-0.001183267,
883.329,-0.006150357,
883.767,-0.01008574,
884.205,-0.008996455,
884.643,-0.006876716,
885.081,-0.006541914,
885.519,-0.006278399,
885.957,-0.006553711,
886.395,-0.006221291,
886.832,-0.003806279,
887.270,0.001657381,
887.708,0.005931468,
888.146,0.004881428,
888.584,0.003043337,
889.022,0.004840739,
889.460,0.007833908,
889.898,0.01074746,
890.336,0.01180811,
890.774,0.01295978,
891.212,0.01153049,
891.650,0.007235,
892.088,0.003054233,
892.526,-0.0002018224,
892.963,-0.001433582,
893.401,0.001851285,
893.839,0.007653857,
894.277,0.009916291,
894.715,0.01065711,
895.153,0.01044963,
895.591,0.009302766,
896.029,0.008412436,
896.467,0.007705967,
896.905,0.007111414,
897.343,0.007151202,
897.781,0.007469643,
898.219,0.009605329,
898.657,0.01113896,
899.094,0.01206728,
899.532,0.01347252,
899.970,0.01366161,
900.408,0.01133314,
900.846,0.01001865,
901.284,0.01200356,
901.722,0.01305504,
902.160,0.01238012,
902.598,0.0129756,
903.036,0.01515129,
903.474,0.0179421,
903.912,0.01897554,
904.350,0.01842686,
904.788,0.01763799,
905.226,0.01447166,
905.663,0.01277351,
906.101,0.01052888,
906.539,0.005343982,
906.977,0.0006444342,
907.415,-0.003043225,
907.853,-0.005120344,
908.291,-0.007011045,
908.729,-0.007293061,
909.167,-0.005163925,
909.605,-0.006839653,
910.043,-0.007581713,
910.481,-0.005144524,
910.919,-0.002398474,
911.357,0.00190506,
911.794,0.00513931,
912.232,0.007474716,
912.670,0.01132094,
913.108,0.0127323,
913.546,0.01186359,
913.984,0.01304567,
914.422,0.01259329,
914.860,0.01073486,
915.298,0.01004182,
915.736,0.009087963,
916.174,0.007466683,
916.612,0.005384939,
917.050,0.004717571,
917.488,0.006914158,
917.925,0.008194027,
918.363,0.008990898,
918.801,0.007987868,
919.239,0.007288675,
919.677,0.008000625,
920.115,0.007639194,
920.553,0.003420465,
920.991,-0.0006092063,
921.429,-0.003400159,
921.867,-0.004974885,
922.305,-0.005957713,
922.743,-0.005798313,
923.181,-0.005231644,
923.619,-0.004504815,
924.057,-0.00620187,
924.494,-0.007850282,
924.932,-0.007093908,
925.370,-0.006720873,
925.808,-0.00564978,
926.246,-0.002922607,
926.684,-0.002111127,
927.122,-0.002104365,
927.560,-0.001255553,
927.998,0.001395914,
928.436,0.005523413,
928.874,0.006432887,
929.312,0.00462385,
929.750,0.004459597,
930.188,0.005349908,
930.625,0.005343894,
931.063,0.001299379,
931.501,-0.004949372,
931.939,-0.006515484,
932.377,-0.006643435,
932.815,-0.009031025,
933.253,-0.008913199,
933.691,-0.007486261,
934.129,-0.00929038,
934.567,-0.008778296,
935.005,-0.007838047,
935.443,-0.004326044,
935.881,0.002393052,
936.319,0.008218598,
936.756,0.01156972,
937.194,0.009944642,
937.632,0.007334466,
938.070,0.008946337,
938.508,0.009467129,
938.946,0.008454091,
939.384,0.006844189,
939.822,0.006168986,
940.260,0.003145548,
940.698,-0.0008245673,
941.136,0.0007925758,
941.574,0.00334914,
942.012,0.003327839,
942.450,0.004544111,
942.888,0.006401864,
943.325,0.007787938,
943.763,0.00805878,
944.201,0.007455573,
944.639,0.006620615,
945.077,0.006091784,
945.515,0.002358189,
945.953,-0.00144162,
946.391,-0.0008737646,
946.829,0.003635212,
947.267,0.007936793,
947.705,0.00855338,
948.143,0.008030598,
948.581,0.007182166,
949.019,0.004100575,
949.456,-0.0003916557,
949.894,-0.004157474,
950.332,-0.005312015,
950.770,-0.004661037,
951.208,-0.005299374,
951.646,-0.003544691,
952.084,0.001081515,
952.522,-0.001025487,
952.960,-0.00423259,
953.398,-0.004177617,
953.836,-0.006920988,
954.274,-0.006925068,
954.712,-0.007329958,
955.150,-0.008320924,
955.588,-0.005395756,
956.025,0.001073337,
956.463,0.004340052,
956.901,0.003765263,
957.339,0.004090209,
957.777,0.005605224,
958.215,0.005680562,
958.653,0.001230566,
959.091,-0.0006855929,
959.529,0.001336991,
959.967,0.006759674,
960.405,0.01285585,
960.843,0.01393279,
961.281,0.008094274,
961.719,0.007489117,
962.156,0.01442918,
962.594,0.018281,
963.032,0.01771298,
963.470,0.01711954,
963.908,0.01559021,
964.346,0.01882059,
964.784,0.01862468,
965.222,0.01353528,
965.660,0.01489244,
966.098,0.0178064,
966.536,0.02143489,
966.974,0.02016121,
967.412,0.01995051,
967.850,0.02602006,
968.287,0.03005766,
968.725,0.03111989,
969.163,0.02949287,
969.601,0.02760052,
970.039,0.02364009,
970.477,0.01943286,
970.915,0.01574153,
971.353,0.01529531,
971.791,0.02185074,
972.229,0.02729504,
972.667,0.02767418,
973.105,0.02515522,
973.543,0.02739235,
973.981,0.03078829,
974.419,0.02774537,
974.856,0.0248466,
975.294,0.02184208,
975.732,0.0195387,
976.170,0.01770759,
976.608,0.01617293,
977.046,0.01006744,
977.484,0.00597114,
977.922,0.002350378,
978.360,0.00602052,
978.798,0.009004687,
979.236,0.008349462,
979.674,0.006556879,
980.112,0.007189621,
980.550,0.01233043,
980.987,0.01498657,
981.425,0.01597077,
981.863,0.01615357,
982.301,0.01885434,
982.739,0.01936129,
983.177,0.02390211,
983.615,0.02719204,
984.053,0.02247956,
984.491,0.01670484,
984.929,0.01193433,
985.367,0.00949754,
985.805,0.01178134,
986.243,0.00999791,
986.681,0.006890846,
987.118,0.009549472,
987.556,0.01159434,
987.994,0.01338357,
988.432,0.01577212,
988.870,0.01606155,
989.308,0.01578578,
989.746,0.0146304,
990.184,0.01515951,
990.622,0.02123594,
991.060,0.01865467,
991.498,0.01444978,
991.936,0.01466322,
992.374,0.01568491,
992.812,0.01600102,
993.250,0.01656661,
993.687,0.0114905,
994.125,0.003680927,
994.563,-0.0003460409,
995.001,-0.0008267631,
995.439,0.003141381,
995.877,0.01028752,
996.315,0.0186247,
996.753,0.02502183,
997.191,0.02733597,
997.629,0.02917406,
998.067,0.0315105,
998.505,0.03064194,
998.943,0.0251014,
999.381,0.02177819,
999.818,0.02430369,
1000.256,0.02230546,
1000.694,0.02181188,
1001.132,0.02402182,
1001.570,0.02595461,
1002.008,0.02652856,
1002.446,0.02430591,
1002.884,0.02268495,
1003.322,0.01929271,
1003.760,0.01191624,
1004.198,0.0108732,
1004.636,0.01286983,
1005.074,0.01704993,
1005.512,0.01685161,
1005.949,0.01354672,
1006.387,0.01411592,
1006.825,0.01574502,
1007.263,0.01817272,
1007.701,0.01405318,
1008.139,0.006001185,
1008.577,0.006269079,
1009.015,0.008293853,
1009.453,0.01084086,
1009.891,0.0147903,
1010.329,0.01252516,
1010.767,0.01008303,
1011.205,0.00218144,
1011.643,0.002456792,
1012.081,0.001007392,
1012.518,0.0008578221,
1012.956,0.00636728,
1013.394,0.00206508,
1013.832,-0.003921413,
1014.270,-0.006837693,
1014.708,-0.00599316,
1015.146,-0.001089846,
1015.584,0.004694214,
1016.022,0.003535667,
1016.460,-0.008228286,
1016.898,-0.01188637,
1017.336,-0.004906123,
1017.774,-0.006391887,
1018.212,-0.0003224714,
1018.649,0.004460792,
1019.087,0.00857926,
1019.525,0.003108818,
1019.963,0.006347905,
1020.401,0.0142906,
1020.839,0.01993395,
1021.277,0.02100501,
1021.715,0.0179079,
1022.153,0.01862218,
1022.591,0.0233897,
1023.029,0.02594224,
1023.467,0.03160339,
1023.905,0.03087365,
1024.343,0.03390225,
1024.780,0.02792884,
1025.218,0.01271329,
1025.656,0.017449,
1026.094,0.02022676,
1026.532,0.004364427,
1026.970,0.0144225,
1027.408,0.02224522,
1027.846,0.01211312,
1028.284,0.005677293,
1028.722,0.00736584,
1029.160,0.009002182,
1029.598,0.01103694,
1030.036,0.007833452,
1030.474,0.008599542,
1030.912,0.01280476,
1031.349,0.009915068,
1031.787,0.009328676,
1032.225,0.01373128,
1032.663,0.01179079,
1033.101,0.01749231,
1033.539,0.01995653,
1033.977,0.0168382,
1034.415,0.007400872,
1034.853,0.008153608,
1035.291,0.009146789,
1035.729,0.006670226,
1036.167,0.008247175,
1036.605,0.002554874,
1037.043,0.004598237,
1037.480,0.007594825,
1037.918,0.0005495307,
1038.356,0.004323192,
1038.794,0.001876879,
1039.232,0.01497397,
1039.670,0.02774701,
1040.108,0.02516686,
1040.546,0.01712248,
1040.984,0.01663281,
1041.422,0.01805285,
1041.860,0.01693996,
1042.298,0.007847986,
1042.736,0.005569875,
1043.174,0.006772868,
1043.611,-0.0001896384,
1044.049,-0.001050814,
1044.487,0.0065228,
1044.925,0.007134291,
1045.363,0.01000819,
1045.801,0.01347922,
1046.239,0.02441048,
1046.677,0.02236287,
1047.115,0.02505173,
1047.553,0.0227089,
1047.991,0.0258405,
1048.429,0.01966421,
1048.867,0.01680436,
1049.305,0.02555405,
1049.743,0.02132383,
1050.180,0.02889414,
1050.618,0.02561326,
1051.056,0.02096477,
1051.494,0.01594181,
1051.932,0.01348378,
1052.370,0.01748946,
1052.808,0.01399906,
1053.246,0.02739755,
1053.684,0.03351332,
1054.122,0.02593085,
1054.560,0.0189319,
1054.998,0.02459201,
1055.436,0.01400184,
1055.874,-0.0117446,
1056.311,-0.01688712,
1056.749,-0.01196872,
1057.187,-0.01144373,
1057.625,-0.002751096,
1058.063,-0.00596838,
1058.501,-0.001891052,
1058.939,0.0134355,
1059.377,0.02816296,
1059.815,0.02172992,
1060.253,0.03815745,
1060.691,0.02089409,
1061.129,0.00354999,
1061.567,-0.00290721,
1062.005,-0.01044853,
1062.442,-0.02247261,
1062.880,-0.01238137,
1063.318,0.01862255,
1063.756,0.04964023,
1064.194,0.06631142,
1064.632,0.06205839,
1065.070,0.0615317,
1065.508,0.05380613,
1065.946,0.02197878,
1066.384,0.01292095,
1066.822,0.04138654,
1067.260,0.03085377,
1067.698,0.02688326,
1068.136,0.01977248,
1068.574,-0.004952818,
1069.011,0.001139267,
1069.449,0.03205346,
1069.887,0.02505154,
1070.325,0.01885592,
1070.763,0.016037,
1071.201,-0.003591713,
1071.639,0.001814457,
1072.077,0.008031966,
1072.515,-0.01045537,
1072.953,0.004204786,
1073.391,-0.009532938,
1073.829,-0.01192403,
1074.267,-0.004210014,
1074.705,0.007276218,
1075.142,0.03101975,
1075.580,0.01168386,
1076.018,0.0211386,
1076.456,0.008336993,
1076.894,-0.01470969,
1077.332,-0.00535217,
1077.770,0.03025114,
1078.208,0.03780372,
1078.646,0.0297237,
1079.084,0.02942084,
1079.522,0.0208897,
1079.960,-0.004721738,
1080.398,0.01137424,
1080.836,-0.002297203,
1081.273,-0.02521268,
1081.711,-0.01915934,
1082.149,-0.02229108,
1082.587,-0.02040722,
1083.025,0.01235608,
1083.463,0.01575332,
1083.901,0.02241107,
1084.339,0.03848879,
