,Live Spectrum 8-8-2024 4:11:14 PM,
Wavelength [nm],Absorbance,
193.589,0.2815652,
194.027,6,
194.465,6,
194.903,6,
195.340,6,
195.778,6,
196.216,6,
196.654,6,
197.092,6,
197.530,0.1017742,
197.968,-0.8821087,
198.406,6,
198.844,6,
199.282,6,
199.720,0.5530279,
200.158,1.597767,
200.596,6,
201.034,6,
201.472,6,
201.909,6,
202.347,6,
202.785,1.552514,
203.223,0.3463903,
203.661,-0.04804575,
204.099,-0.2492617,
204.537,-0.02596839,
204.975,0.3512278,
205.413,0.4545248,
205.851,0.3345312,
206.289,0.2118506,
206.727,0.2728976,
207.165,6,
207.603,6,
208.040,6,
208.478,6,
208.916,6,
209.354,6,
209.792,0.3049943,
210.230,-0.03058793,
210.668,0.1188481,
211.106,6,
211.544,6,
211.982,6,
212.420,6,
212.858,6,
213.296,6,
213.734,0.5183762,
214.172,0.165264,
214.609,0.1036199,
215.047,0.258109,
215.485,6,
215.923,6,
216.361,6,
216.799,2.11838,
217.237,6,
217.675,6,
218.113,0.6313157,
218.551,0.2339019,
218.989,0.4140868,
219.427,0.6427212,
219.865,0.5212829,
220.303,0.07209931,
220.740,-0.02591645,
221.178,0.006777447,
221.616,-0.3494786,
222.054,-0.5753686,
222.492,-0.373307,
222.930,0.006738053,
223.368,0.2533904,
223.806,0.6698671,
224.244,6,
224.682,6,
225.120,-0.05807021,
225.558,-0.6185113,
225.996,-0.4143059,
226.434,-0.1753357,
226.871,0.03364262,
227.309,0.3893785,
227.747,0.2969194,
228.185,0.007034962,
228.623,-0.09025651,
229.061,-0.08865478,
229.499,-0.08850212,
229.937,-0.03337374,
230.375,0.4029121,
230.813,0.7428007,
231.251,0.7000502,
231.689,0.6270596,
232.127,0.3091914,
232.565,0.1197915,
233.003,0.08185137,
233.440,0.1192925,
233.878,0.113222,
234.316,0.01386204,
234.754,-0.2228794,
235.192,0.002332456,
235.630,0.3160244,
236.068,0.5479624,
236.506,0.8404394,
236.944,6,
237.382,0.9666293,
237.820,0.3764458,
238.258,0.09562781,
238.696,0.01630422,
239.134,0.171295,
239.571,0.6512789,
240.009,0.9379997,
240.447,0.970377,
240.885,1.056285,
241.323,6,
241.761,6,
242.199,6,
242.637,6,
243.075,1.267356,
243.513,0.6178337,
243.951,0.8933911,
244.389,6,
244.827,6,
245.265,6,
245.702,0.9893682,
246.140,0.4740107,
246.578,0.6857226,
247.016,6,
247.454,6,
247.892,6,
248.330,6,
248.768,6,
249.206,6,
249.644,6,
250.082,6,
250.520,6,
250.958,6,
251.396,6,
251.834,6,
252.271,0.9427251,
252.709,0.3460239,
253.147,0.1492668,
253.585,0.1580741,
254.023,0.1340994,
254.461,0.3281326,
254.899,0.6643213,
255.337,0.8284565,
255.775,0.8266252,
256.213,6,
256.651,0.6326614,
257.089,0.1674852,
257.527,0.1017078,
257.965,0.4011506,
258.402,6,
258.840,6,
259.278,0.4555216,
259.716,0.05940232,
260.154,0.1174068,
260.592,0.294241,
261.030,0.0727601,
261.468,0.008532283,
261.906,0.1143861,
262.344,0.2802873,
262.782,0.3289088,
263.220,0.3263387,
263.658,0.495364,
264.096,1.271868,
264.533,6,
264.971,6,
265.409,0.6440478,
265.847,0.6939223,
266.285,0.5592489,
266.723,0.2470541,
267.161,0.229484,
267.599,0.5552714,
268.037,0.660112,
268.475,0.5900884,
268.913,1.028796,
269.351,0.7300149,
269.789,0.2795798,
270.227,0.04110567,
270.665,0.1685874,
271.102,0.3002808,
271.540,0.03677572,
271.978,-0.2327889,
272.416,-0.2159757,
272.854,0.1417344,
273.292,0.108073,
273.730,-0.1142032,
274.168,-0.09009707,
274.606,0.05962087,
275.044,0.2855459,
275.482,1.795946,
275.920,6,
276.358,0.5245253,
276.796,0.2390953,
277.233,0.2695068,
277.671,0.4589226,
278.109,0.4785623,
278.547,6,
278.985,6,
279.423,6,
279.861,0.5828149,
280.299,0.4351781,
280.737,0.5845493,
281.175,0.8056132,
281.613,0.6339417,
282.051,0.3755415,
282.489,0.1896859,
282.927,0.1920797,
283.364,1.345775,
283.802,6,
284.240,0.4934421,
284.678,0.09059379,
285.116,0.09783752,
285.554,0.2919159,
285.992,0.3059208,
286.430,0.1463924,
286.868,0.08419879,
287.306,0.1181814,
287.744,0.1809893,
288.182,0.096448,
288.620,-0.04372432,
289.058,0.2307154,
289.496,6,
289.933,6,
290.371,6,
290.809,6,
291.247,6,
291.685,0.7083408,
292.123,0.399406,
292.561,0.370197,
292.999,0.5933662,
293.437,0.5182294,
293.875,0.9001139,
294.313,0.6739876,
294.751,0.4086117,
295.189,0.2292846,
295.627,0.05961038,
296.064,-0.210508,
296.502,-0.2872417,
296.940,-1.397121,
297.378,-0.414537,
297.816,-0.002415312,
298.254,-0.007160925,
298.692,-0.09870039,
299.130,0.1572551,
299.568,0.3168351,
300.006,0.5468204,
300.444,6,
300.882,6,
301.320,6,
301.758,6,
302.195,6,
302.633,6,
303.071,0.9816277,
303.509,0.9195515,
303.947,6,
304.385,2.039389,
304.823,0.6276973,
305.261,0.3751528,
305.699,0.4889942,
306.137,6,
306.575,6,
307.013,0.7247599,
307.451,0.5535826,
307.889,0.8181799,
308.327,1.218861,
308.764,0.5684802,
309.202,0.3717332,
309.640,0.6389761,
310.078,0.4912213,
310.516,0.2040237,
310.954,0.1265099,
311.392,0.1912324,
311.830,0.2487571,
312.268,0.5111619,
312.706,0.4662827,
313.144,0.325343,
313.582,0.3036704,
314.020,0.4686072,
314.458,0.4846678,
314.895,0.09717253,
315.333,0.005862452,
315.771,0.001672333,
316.209,-0.01968151,
316.647,-0.06858135,
317.085,0.001743218,
317.523,0.2096926,
317.961,0.4205282,
318.399,0.4737444,
318.837,0.5437954,
319.275,0.6004414,
319.713,0.3767866,
320.151,6,
320.589,6,
321.026,0.835288,
321.464,0.2596356,
321.902,0.2549576,
322.340,0.2537098,
322.778,0.04118812,
323.216,-0.1003108,
323.654,-0.06978623,
324.092,0.001439705,
324.530,0.1068378,
324.968,0.2526434,
325.406,0.2620442,
325.844,0.3159114,
326.282,0.08519165,
326.720,0.1355835,
327.158,0.2506945,
327.595,0.2827637,
328.033,0.2727755,
328.471,0.7000143,
328.909,6,
329.347,6,
329.785,6,
330.223,0.715947,
330.661,0.4928399,
331.099,6,
331.537,6,
331.975,6,
332.413,0.8039013,
332.851,0.5802471,
333.289,1.106274,
333.726,6,
334.164,0.9754919,
334.602,0.5818428,
335.040,0.3576657,
335.478,0.2342222,
335.916,0.157592,
336.354,0.125951,
336.792,0.4095704,
337.230,0.6487084,
337.668,0.5411711,
338.106,0.7149756,
338.544,6,
338.982,6,
339.420,6,
339.857,6,
340.295,6,
340.733,6,
341.171,6,
341.609,6,
342.047,0.621743,
342.485,0.4742832,
342.923,0.6827832,
343.361,1.703974,
343.799,6,
344.237,6,
344.675,1.19842,
345.113,0.6946031,
345.551,0.9047539,
345.989,0.8990915,
346.426,1.095306,
346.864,1.325106,
347.302,0.9444817,
347.740,0.6136065,
348.178,1.358185,
348.616,2.081718,
349.054,1.004433,
349.492,0.6228636,
349.930,0.4696758,
350.368,0.4093534,
350.806,0.2699622,
351.244,0.2328718,
351.682,0.3229571,
352.120,0.206683,
352.557,0.1877347,
352.995,0.3518464,
353.433,0.4519414,
353.871,0.2468784,
354.309,0.1790556,
354.747,0.1312152,
355.185,0.14383,
355.623,0.1398242,
356.061,0.05976388,
356.499,-0.1306734,
356.937,-0.2644432,
357.375,-0.1847376,
357.813,-0.03870255,
358.251,0.04728398,
358.689,0.09281163,
359.126,0.1292542,
359.564,0.1689153,
360.002,0.2220319,
360.440,0.2500062,
360.878,0.3252121,
361.316,0.3674882,
361.754,0.468821,
362.192,0.7551663,
362.630,0.6375939,
363.068,0.4620445,
363.506,0.4823388,
363.944,0.3262559,
364.382,0.2997023,
364.820,0.4581733,
365.257,0.6903815,
365.695,0.6265832,
366.133,0.2542666,
366.571,0.2291928,
367.009,0.2441116,
367.447,0.2335843,
367.885,0.2473167,
368.323,0.3715211,
368.761,0.4628753,
369.199,0.4325692,
369.637,0.364266,
370.075,0.2254486,
370.513,0.1188061,
370.951,0.07038233,
371.388,0.07147428,
371.826,0.106206,
372.264,0.1911345,
372.702,0.2277886,
373.140,0.2101749,
373.578,0.2214794,
374.016,0.2684176,
374.454,0.2618237,
374.892,0.1667855,
375.330,0.1894274,
375.768,0.2427933,
376.206,0.2713028,
376.644,0.2837249,
377.082,0.2684992,
377.520,0.2180115,
377.957,0.1730082,
378.395,0.1571981,
378.833,0.2494233,
379.271,0.3296572,
379.709,0.3210785,
380.147,0.2757935,
380.585,0.2695052,
381.023,0.2787224,
381.461,0.3026232,
381.899,0.3351488,
382.337,0.3073985,
382.775,0.2441402,
383.213,0.2004786,
383.651,0.1787562,
384.088,0.1462037,
384.526,0.136356,
384.964,0.1617993,
385.402,0.262969,
385.840,0.326691,
386.278,0.3110607,
386.716,0.2979546,
387.154,0.3424843,
387.592,0.3714002,
388.030,0.3654254,
388.468,0.3270906,
388.906,0.3090021,
389.344,0.2818373,
389.782,0.2369592,
390.219,0.1925965,
390.657,0.1526237,
391.095,0.1284604,
391.533,0.1433189,
391.971,0.1714159,
392.409,0.1960134,
392.847,0.1561626,
393.285,0.07593547,
393.723,0.08181121,
394.161,0.1794519,
394.599,0.1665367,
395.037,0.1240543,
395.475,0.09147197,
395.913,0.09547361,
396.351,0.1364031,
396.788,0.1964357,
397.226,0.2584534,
397.664,0.2308162,
398.102,0.1895148,
398.540,0.1688131,
398.978,0.1357605,
399.416,0.106258,
399.854,0.1049701,
400.292,0.1174982,
400.730,0.1190735,
401.168,0.1463394,
401.606,0.1734502,
402.044,0.2296877,
402.482,0.2701907,
402.919,0.255812,
403.357,0.2139137,
403.795,0.2214588,
404.233,0.2471456,
404.671,0.2449043,
405.109,0.2433124,
405.547,0.2256662,
405.985,0.197387,
406.423,0.1724317,
406.861,0.1582018,
407.299,0.1592484,
407.737,0.159945,
408.175,0.1866922,
408.613,0.1935332,
409.050,0.1886452,
409.488,0.1896331,
409.926,0.198454,
410.364,0.2012405,
410.802,0.2054201,
411.240,0.1621245,
411.678,0.1292791,
412.116,0.1437973,
412.554,0.1788923,
412.992,0.2073471,
413.430,0.2247239,
413.868,0.2342482,
414.306,0.2164311,
414.744,0.2116405,
415.182,0.1714526,
415.619,0.1398775,
416.057,0.1345205,
416.495,0.1361185,
416.933,0.128013,
417.371,0.1537241,
417.809,0.190605,
418.247,0.176086,
418.685,0.1674852,
419.123,0.1809729,
419.561,0.2037258,
419.999,0.2259722,
420.437,0.2472195,
420.875,0.245677,
421.313,0.2299899,
421.750,0.2371074,
422.188,0.2280021,
422.626,0.2100125,
423.064,0.1905882,
423.502,0.1833626,
423.940,0.1968198,
424.378,0.2025442,
424.816,0.1963775,
425.254,0.200941,
425.692,0.1740635,
426.130,0.1407321,
426.568,0.1201418,
427.006,0.1250798,
427.444,0.1564224,
427.881,0.176748,
428.319,0.1702639,
428.757,0.1899774,
429.195,0.2035331,
429.633,0.189591,
430.071,0.1795556,
430.509,0.184186,
430.947,0.1891968,
431.385,0.1973565,
431.823,0.1976869,
432.261,0.1908279,
432.699,0.1883015,
433.137,0.2000324,
433.575,0.201698,
434.013,0.1891805,
434.450,0.1792316,
434.888,0.1798726,
435.326,0.1697515,
435.764,0.1839649,
436.202,0.2152694,
436.640,0.2251346,
437.078,0.2166343,
437.516,0.2090816,
437.954,0.2101865,
438.392,0.213574,
438.830,0.2213235,
439.268,0.2137818,
439.706,0.2175549,
440.144,0.2375907,
440.581,0.2431136,
441.019,0.2427151,
441.457,0.2429168,
441.895,0.2409335,
442.333,0.2403991,
442.771,0.2317957,
443.209,0.2324418,
443.647,0.2400785,
444.085,0.2387281,
444.523,0.2209036,
444.961,0.1939139,
445.399,0.1739177,
445.837,0.1760935,
446.275,0.1976531,
446.712,0.2295401,
447.150,0.2334146,
447.588,0.2275301,
448.026,0.2283422,
448.464,0.2285449,
448.902,0.2315441,
449.340,0.2415424,
449.778,0.2482182,
450.216,0.2417556,
450.654,0.2371626,
451.092,0.2263704,
451.530,0.2258651,
451.968,0.2294916,
452.406,0.2215448,
452.844,0.2074893,
453.281,0.2018706,
453.719,0.2063574,
454.157,0.2216668,
454.595,0.2290311,
455.033,0.2385071,
455.471,0.2552282,
455.909,0.2531987,
456.347,0.2514064,
456.785,0.2607812,
457.223,0.2690324,
457.661,0.2672165,
458.099,0.2656119,
458.537,0.2665952,
458.975,0.2695431,
459.412,0.2736218,
459.850,0.2747173,
460.288,0.2728001,
460.726,0.2702084,
461.164,0.2705897,
461.602,0.2756406,
462.040,0.2761081,
462.478,0.2732833,
462.916,0.2744422,
463.354,0.2878902,
463.792,0.2965546,
464.230,0.2953359,
464.668,0.2919551,
465.106,0.2904515,
465.543,0.2848947,
465.981,0.276058,
466.419,0.2873976,
466.857,0.2960034,
467.295,0.294387,
467.733,0.2894169,
468.171,0.2963858,
468.609,0.3076598,
469.047,0.3086085,
469.485,0.2976947,
469.923,0.2878887,
470.361,0.2962907,
470.799,0.3107234,
471.237,0.3183485,
471.675,0.3203644,
472.112,0.3263435,
472.550,0.3312155,
472.988,0.3261563,
473.426,0.315653,
473.864,0.313974,
474.302,0.3171192,
474.740,0.3194206,
475.178,0.3200404,
475.616,0.3207053,
476.054,0.3251234,
476.492,0.3262677,
476.930,0.3246513,
477.368,0.3291525,
477.806,0.3429601,
478.243,0.352617,
478.681,0.3451927,
479.119,0.3395848,
479.557,0.341917,
479.995,0.3514841,
480.433,0.362153,
480.871,0.3672093,
481.309,0.3614123,
481.747,0.3513405,
482.185,0.3518261,
482.623,0.3663776,
483.061,0.377925,
483.499,0.3880943,
483.937,0.3913917,
484.374,0.3848625,
484.812,0.3806406,
485.250,0.3769559,
485.688,0.3747803,
486.126,0.3779557,
486.564,0.3853862,
487.002,0.3912468,
487.440,0.3911454,
487.878,0.3887051,
488.316,0.383389,
488.754,0.383839,
489.192,0.3904832,
489.630,0.3942123,
490.068,0.3926397,
490.506,0.3906641,
490.943,0.3892264,
491.381,0.3831892,
491.819,0.3835952,
492.257,0.3927346,
492.695,0.4024533,
493.133,0.3990878,
493.571,0.4005034,
494.009,0.4090412,
494.447,0.4137098,
494.885,0.4097172,
495.323,0.4056205,
495.761,0.4091841,
496.199,0.4136139,
496.637,0.4153501,
497.074,0.4135744,
497.512,0.4097178,
497.950,0.4093042,
498.388,0.4053088,
498.826,0.4071089,
499.264,0.4201392,
499.702,0.4344903,
500.140,0.4370541,
500.578,0.4303572,
501.016,0.425377,
501.454,0.4326672,
501.892,0.4419447,
502.330,0.4433133,
502.768,0.4422016,
503.206,0.4434375,
503.643,0.4439087,
504.081,0.4407075,
504.519,0.4361492,
504.957,0.4334184,
505.395,0.4313208,
505.833,0.4322314,
506.271,0.4455494,
506.709,0.4479595,
507.147,0.4353142,
507.585,0.428816,
508.023,0.4299441,
508.461,0.4338606,
508.899,0.4388995,
509.337,0.4431547,
509.774,0.4418761,
510.212,0.4375877,
510.650,0.4454931,
511.088,0.4637318,
511.526,0.4665345,
511.964,0.4574768,
512.402,0.4496184,
512.840,0.4469728,
513.278,0.4544715,
513.716,0.4621143,
514.154,0.4600071,
514.592,0.4538728,
515.030,0.4490296,
515.468,0.448847,
515.905,0.4558624,
516.343,0.4610274,
516.781,0.4601073,
517.219,0.4493005,
517.657,0.4394423,
518.095,0.434799,
518.533,0.4326804,
518.971,0.4310674,
519.409,0.4330908,
519.847,0.4406874,
520.285,0.4437817,
520.723,0.4368445,
521.161,0.4424411,
521.599,0.4527376,
522.037,0.4530471,
522.474,0.4537254,
522.912,0.4559966,
523.350,0.4579857,
523.788,0.4552686,
524.226,0.4484152,
524.664,0.4455396,
525.102,0.4499757,
525.540,0.4498135,
525.978,0.4432888,
526.416,0.4426215,
526.854,0.4472581,
527.292,0.4488806,
527.730,0.4486547,
528.168,0.4460243,
528.605,0.4404341,
529.043,0.4363042,
529.481,0.4374227,
529.919,0.4431079,
530.357,0.4469021,
530.795,0.4375393,
531.233,0.4291077,
531.671,0.4315776,
532.109,0.4354704,
532.547,0.4338741,
532.985,0.429622,
533.423,0.4213657,
533.861,0.4130213,
534.299,0.4099708,
534.736,0.4118649,
535.174,0.4132582,
535.612,0.410604,
536.050,0.4078072,
536.488,0.4126372,
536.926,0.4165808,
537.364,0.4132943,
537.802,0.4139537,
538.240,0.4130379,
538.678,0.4061815,
539.116,0.3978964,
539.554,0.3977991,
539.992,0.4031606,
540.430,0.4051146,
540.868,0.4013383,
541.305,0.3963282,
541.743,0.3934135,
542.181,0.3923629,
542.619,0.3935895,
543.057,0.391981,
543.495,0.3862203,
543.933,0.3810346,
544.371,0.3785586,
544.809,0.3780039,
545.247,0.3774058,
545.685,0.3743256,
546.123,0.3715679,
546.561,0.37202,
546.999,0.3735817,
547.436,0.3735625,
547.874,0.3697705,
548.312,0.3636741,
548.750,0.3582065,
549.188,0.3582987,
549.626,0.3561167,
550.064,0.3540879,
550.502,0.3537276,
550.940,0.3513079,
551.378,0.3467074,
551.816,0.3435331,
552.254,0.3390134,
552.692,0.3315598,
553.130,0.3277197,
553.567,0.3297624,
554.005,0.3323418,
554.443,0.326886,
554.881,0.3198389,
555.319,0.3155073,
555.757,0.314831,
556.195,0.3141052,
556.633,0.3152393,
557.071,0.3140132,
557.509,0.3086915,
557.947,0.3006149,
558.385,0.2945829,
558.823,0.291563,
559.261,0.2880226,
559.699,0.2859521,
560.136,0.2900093,
560.574,0.2922334,
561.012,0.2860155,
561.450,0.2806065,
561.888,0.2762447,
562.326,0.2720312,
562.764,0.2704243,
563.202,0.2690501,
563.640,0.2652116,
564.078,0.25987,
564.516,0.256479,
564.954,0.2563049,
565.392,0.2567428,
565.830,0.2552756,
566.267,0.252667,
566.705,0.2503162,
567.143,0.2484118,
567.581,0.2470801,
568.019,0.2446858,
568.457,0.2410391,
568.895,0.2384063,
569.333,0.2372849,
569.771,0.2351673,
570.209,0.2332921,
570.647,0.2304203,
571.085,0.2252645,
571.523,0.2214748,
571.961,0.2205896,
572.398,0.2198269,
572.836,0.2167526,
573.274,0.2120544,
573.712,0.2110933,
574.150,0.2107378,
574.588,0.2061928,
575.026,0.2028419,
575.464,0.2018179,
575.902,0.2012873,
576.340,0.1988872,
576.778,0.1970349,
577.216,0.1939765,
577.654,0.1894247,
578.092,0.1869849,
578.530,0.1851755,
578.967,0.1818558,
579.405,0.1790352,
579.843,0.1786563,
580.281,0.179996,
580.719,0.1821911,
581.157,0.1836099,
581.595,0.1801958,
582.033,0.173082,
582.471,0.1685562,
582.909,0.1702576,
583.347,0.1743708,
583.785,0.1722709,
584.223,0.1703685,
584.661,0.1712073,
585.098,0.1705073,
585.536,0.1663538,
585.974,0.1610028,
586.412,0.1573875,
586.850,0.1560296,
587.288,0.1562815,
587.726,0.1585796,
588.164,0.1622527,
588.602,0.1634733,
589.040,0.1613523,
589.478,0.1599344,
589.916,0.1558493,
590.354,0.1532199,
590.792,0.1569232,
591.229,0.161308,
591.667,0.161786,
592.105,0.1596713,
592.543,0.156813,
592.981,0.1555526,
593.419,0.1558156,
593.857,0.153839,
594.295,0.1517358,
594.733,0.1514635,
595.171,0.1518049,
595.609,0.1521155,
596.047,0.1518322,
596.485,0.1510281,
596.923,0.1506816,
597.361,0.149542,
597.798,0.1493525,
598.236,0.1495838,
598.674,0.1495463,
599.112,0.1496828,
599.550,0.1490547,
599.988,0.1490331,
600.426,0.1511421,
600.864,0.1520116,
601.302,0.1508941,
601.740,0.1495236,
602.178,0.1482944,
602.616,0.1464824,
603.054,0.1443332,
603.492,0.1429787,
603.929,0.1431202,
604.367,0.1447198,
604.805,0.1465864,
605.243,0.1473122,
605.681,0.1478788,
606.119,0.149318,
606.557,0.150643,
606.995,0.1517655,
607.433,0.153355,
607.871,0.1561583,
608.309,0.1575608,
608.747,0.1602782,
609.185,0.1641996,
609.623,0.1659976,
610.060,0.1655854,
610.498,0.1633308,
610.936,0.1611026,
611.374,0.1588275,
611.812,0.156594,
612.250,0.1562639,
612.688,0.1584552,
613.126,0.159561,
613.564,0.1585098,
614.002,0.1585959,
614.440,0.1600728,
614.878,0.1603716,
615.316,0.1605206,
615.754,0.1625012,
616.192,0.1641916,
616.629,0.1651975,
617.067,0.1641506,
617.505,0.1611057,
617.943,0.1620394,
618.381,0.1643743,
618.819,0.1654674,
619.257,0.1686867,
619.695,0.173141,
620.133,0.1739745,
620.571,0.1751014,
621.009,0.1771091,
621.447,0.1780777,
621.885,0.180914,
622.323,0.1824303,
622.760,0.1830613,
623.198,0.1843805,
623.636,0.1854325,
624.074,0.185032,
624.512,0.1821894,
624.950,0.178041,
625.388,0.176697,
625.826,0.1782668,
626.264,0.1777813,
626.702,0.1752113,
627.140,0.1747046,
627.578,0.1768307,
628.016,0.1775302,
628.454,0.175007,
628.891,0.173611,
629.329,0.1700351,
629.767,0.1646023,
630.205,0.1612678,
630.643,0.1620618,
631.081,0.1653499,
631.519,0.1681169,
631.957,0.1702173,
632.395,0.1705316,
632.833,0.1694923,
633.271,0.1697241,
633.709,0.1690679,
634.147,0.1695449,
634.585,0.1719725,
635.023,0.1717368,
635.460,0.167847,
635.898,0.1638919,
636.336,0.1611255,
636.774,0.1587978,
637.212,0.1559877,
637.650,0.1508837,
638.088,0.1463549,
638.526,0.1469333,
638.964,0.1486224,
639.402,0.1465274,
639.840,0.1432068,
640.278,0.1411981,
640.716,0.137787,
641.154,0.1319585,
641.591,0.1266182,
642.029,0.1221159,
642.467,0.1177716,
642.905,0.1169567,
643.343,0.1166552,
643.781,0.1159244,
644.219,0.1160546,
644.657,0.1164967,
645.095,0.1181525,
645.533,0.1156059,
645.971,0.1111581,
646.409,0.1073284,
646.847,0.1021209,
647.285,0.09757777,
647.722,0.09294222,
648.160,0.08876777,
648.598,0.08609083,
649.036,0.0837934,
649.474,0.08130194,
649.912,0.08099224,
650.350,0.08058411,
650.788,0.07891741,
651.226,0.07858569,
651.664,0.07738689,
652.102,0.07333074,
652.540,0.06887352,
652.978,0.06585489,
653.416,0.06308439,
653.854,0.05954026,
654.291,0.05601593,
654.729,0.05414393,
655.167,0.05362973,
655.605,0.05269971,
656.043,0.05164357,
656.481,0.05028874,
656.919,0.04789981,
657.357,0.04506075,
657.795,0.04120755,
658.233,0.03921657,
658.671,0.04071762,
659.109,0.04282472,
659.547,0.0434249,
659.985,0.04355272,
660.422,0.04341544,
660.860,0.04006138,
661.298,0.03362725,
661.736,0.02900624,
662.174,0.02779505,
662.612,0.02843998,
663.050,0.02766044,
663.488,0.02722971,
663.926,0.02869429,
664.364,0.0272193,
664.802,0.02527572,
665.240,0.02436411,
665.678,0.02236173,
666.116,0.02314926,
666.554,0.02477754,
666.991,0.02395504,
667.429,0.02280379,
667.867,0.02326216,
668.305,0.02570256,
668.743,0.02569214,
669.181,0.02391239,
669.619,0.02228676,
670.057,0.02027486,
670.495,0.01847309,
670.933,0.01635424,
671.371,0.01308052,
671.809,0.01103947,
672.247,0.01035009,
672.685,0.008990105,
673.122,0.01003268,
673.560,0.01233451,
673.998,0.01253372,
674.436,0.01238113,
674.874,0.01322668,
675.312,0.0132691,
675.750,0.01266859,
676.188,0.01149047,
676.626,0.0084355,
677.064,0.007007331,
677.502,0.008424281,
677.940,0.009966525,
678.378,0.01187771,
678.816,0.01258816,
679.253,0.01146138,
679.691,0.01101563,
680.129,0.01174455,
680.567,0.01279231,
681.005,0.01320999,
681.443,0.01254167,
681.881,0.01093307,
682.319,0.009988299,
682.757,0.01094223,
683.195,0.0121524,
683.633,0.01228984,
684.071,0.01263752,
684.509,0.01362859,
684.947,0.01456363,
685.385,0.01420723,
685.822,0.01184202,
686.260,0.009896869,
686.698,0.008886868,
687.136,0.006727856,
687.574,0.004427273,
688.012,0.002697658,
688.450,0.0009364596,
688.888,-0.0001006626,
689.326,-0.001205008,
689.764,-0.002102975,
690.202,-0.0009664616,
690.640,0.0009189807,
691.078,0.00297016,
691.516,0.005683622,
691.953,0.007452255,
692.391,0.008036259,
692.829,0.007756099,
693.267,0.006800816,
693.705,0.006624175,
694.143,0.007013717,
694.581,0.006508622,
695.019,0.004295566,
695.457,0.001884392,
695.895,0.0002028358,
696.333,-0.002335341,
696.771,-0.004676203,
697.209,-0.004444396,
697.647,-0.002411165,
698.084,-0.001032958,
698.522,-0.001203471,
698.960,-0.0011094,
699.398,0.0005479419,
699.836,0.003325537,
700.274,0.006442451,
700.712,0.008215633,
701.150,0.008499999,
701.588,0.01012058,
702.026,0.01189372,
702.464,0.01162571,
702.902,0.01218638,
703.340,0.01292879,
703.778,0.01332989,
704.216,0.01381484,
704.653,0.0137123,
705.091,0.013591,
705.529,0.01200107,
705.967,0.01008257,
706.405,0.009352754,
706.843,0.007698048,
707.281,0.004473792,
707.719,0.002104847,
708.157,0.001571056,
708.595,0.00227633,
709.033,0.003706662,
709.471,0.005168148,
709.909,0.006640112,
710.347,0.007971045,
710.784,0.008109271,
711.222,0.006261755,
711.660,0.00425704,
712.098,0.002899463,
712.536,0.001122703,
712.974,-0.0006415864,
713.412,-0.0004812972,
713.850,0.001704387,
714.288,0.003710752,
714.726,0.006219173,
715.164,0.009001407,
715.602,0.009012403,
716.040,0.00747873,
716.478,0.007366235,
716.915,0.009044058,
717.353,0.01070237,
717.791,0.01073892,
718.229,0.00936263,
718.667,0.008443909,
719.105,0.007096484,
719.543,0.00516297,
719.981,0.004804905,
720.419,0.002454208,
720.857,-2.624751E-5,
721.295,0.0005873914,
721.733,0.00281603,
722.171,0.006987781,
722.609,0.009714957,
723.047,0.009650281,
723.484,0.009148914,
723.922,0.01032665,
724.360,0.01256278,
724.798,0.01142258,
725.236,0.0094879,
725.674,0.008560296,
726.112,0.009375701,
726.550,0.008026475,
726.988,0.004796906,
727.426,0.004649088,
727.864,0.005621845,
728.302,0.005232969,
728.740,0.003889015,
729.178,0.003387998,
729.615,0.003978855,
730.053,0.004135034,
730.491,0.003574059,
730.929,0.004772883,
731.367,0.008539868,
731.805,0.01063722,
732.243,0.01028939,
732.681,0.01075943,
733.119,0.01037482,
733.557,0.007218617,
733.995,0.004962238,
734.433,0.005047952,
734.871,0.003518245,
735.309,0.0005086145,
735.746,1.01948E-5,
736.184,0.0007038243,
736.622,0.001944737,
737.060,0.002910508,
737.498,0.002163303,
737.936,0.0007712658,
738.374,-0.001432706,
738.812,-0.00360892,
739.250,-0.004391918,
739.688,-0.004119986,
740.126,-0.002419007,
740.564,6.348132E-5,
741.002,-0.000316482,
741.440,-0.002543709,
741.878,-0.004674005,
742.315,-0.007082843,
742.753,-0.008571471,
743.191,-0.009187895,
743.629,-0.008381957,
744.067,-0.007257021,
744.505,-0.00656596,
744.943,-0.005497602,
745.381,-0.003716289,
745.819,-0.003025659,
746.257,-0.002932385,
746.695,-0.001981271,
747.133,-0.001646859,
747.571,-0.003351479,
748.009,-0.004897034,
748.446,-0.004220849,
748.884,-0.003168783,
749.322,-0.002914557,
749.760,-0.002314891,
750.198,-0.002459722,
750.636,-0.002883767,
751.074,-0.00178271,
751.512,-0.0004010553,
751.950,2.845892E-6,
752.388,-0.0007028328,
752.826,-0.000727069,
753.264,-0.000501639,
753.702,-0.0008753922,
754.140,-0.0005749286,
754.577,-0.0004593012,
755.015,-0.0004360227,
755.453,-0.0009964914,
755.891,-0.00200025,
756.329,-0.001268387,
756.767,-0.0004812862,
757.205,-0.001150649,
757.643,-0.0004397127,
758.081,0.0004132183,
758.519,0.002074608,
758.957,0.003668576,
759.395,0.003777782,
759.833,0.003301184,
760.271,0.001289044,
760.709,-0.0005522409,
761.146,-0.00103544,
761.584,-0.001405114,
762.022,-0.0007871159,
762.460,-0.0003883007,
762.898,-0.001163016,
763.336,-0.001869509,
763.774,-0.001967772,
764.212,-0.00105189,
764.650,-0.000103827,
765.088,-0.0005084769,
765.526,-0.002868268,
765.964,-0.003865813,
766.402,-0.001422189,
766.840,0.0003218421,
767.277,-0.001501344,
767.715,-0.003743121,
768.153,-0.0056827,
768.591,-0.008555926,
769.029,-0.01037088,
769.467,-0.009616338,
769.905,-0.005364624,
770.343,0.0004187523,
770.781,0.00408929,
771.219,0.006022354,
771.657,0.007139647,
772.095,0.006344322,
772.533,0.003680706,
772.971,0.001598869,
773.408,0.0006564953,
773.846,-0.0006396041,
774.284,-0.0007328278,
774.722,-0.001346165,
775.160,-0.0007885218,
775.598,0.003452687,
776.036,0.004871305,
776.474,0.005326284,
776.912,0.007699618,
777.350,0.008305062,
777.788,0.008218479,
778.226,0.009087413,
778.664,0.009428957,
779.102,0.006759984,
779.540,0.003159589,
779.977,0.0006678168,
780.415,-0.0008222697,
780.853,-0.001227562,
781.291,-0.001779603,
781.729,-0.001451256,
782.167,0.0004191977,
782.605,0.00218943,
783.043,0.003117803,
783.481,0.002657612,
783.919,0.002031311,
784.357,0.000347666,
784.795,-0.003410874,
785.233,-0.00619747,
785.671,-0.007316677,
786.108,-0.007115801,
786.546,-0.00614485,
786.984,-0.006747759,
787.422,-0.009101804,
787.860,-0.01117139,
788.298,-0.01355194,
788.736,-0.01627217,
789.174,-0.01781724,
789.612,-0.01794774,
790.050,-0.0160579,
790.488,-0.01261245,
790.926,-0.009903125,
791.364,-0.008287323,
791.802,-0.005741649,
792.239,-0.003956006,
792.677,-0.004714888,
793.115,-0.005737519,
793.553,-0.0054127,
793.991,-0.003191299,
794.429,-0.0006064611,
794.867,0.0007450543,
795.305,0.001429577,
795.743,0.0005068835,
796.181,-0.0002558894,
796.619,-0.0001374681,
797.057,-0.0001571305,
797.495,-0.001480482,
797.933,-0.003236832,
798.371,-0.00389553,
798.808,-0.003847259,
799.246,-0.004029311,
799.684,-0.003052178,
800.122,-0.001510477,
800.560,0.0001885571,
800.998,-0.0002512189,
801.436,-0.002337375,
801.874,-0.002881444,
802.312,-0.0007319273,
802.750,0.001226822,
803.188,0.002805587,
803.626,0.004194562,
804.064,0.002794167,
804.502,0.001000572,
804.939,0.001884605,
805.377,0.002298258,
805.815,0.001972939,
806.253,0.001395632,
806.691,4.221204E-5,
807.129,-0.0007844629,
807.567,-0.0004665655,
808.005,0.0006257315,
808.443,-0.0001880415,
808.881,-0.001871524,
809.319,-0.002192257,
809.757,-0.003454025,
810.195,-0.006876324,
810.633,-0.01138227,
811.071,-0.01354965,
811.508,-0.01471333,
811.946,-0.01615329,
812.384,-0.01553751,
812.822,-0.01675664,
813.260,-0.01693155,
813.698,-0.01361796,
814.136,-0.01166302,
814.574,-0.01243794,
815.012,-0.01344507,
815.450,-0.01313753,
815.888,-0.01179366,
816.326,-0.01002171,
816.764,-0.007853168,
817.202,-0.007107718,
817.639,-0.007088164,
818.077,-0.007325999,
818.515,-0.007781454,
818.953,-0.006850076,
819.391,-0.004741875,
819.829,-0.003532682,
820.267,-0.003676654,
820.705,-0.004042465,
821.143,-0.003383591,
821.581,-0.001227329,
822.019,6.30268E-5,
822.457,6.049111E-5,
822.895,-0.001183084,
823.333,-0.001979964,
823.770,-0.0006854647,
824.208,0.0009097534,
824.646,0.001438202,
825.084,0.0008439762,
825.522,0.0001112197,
825.960,-0.0009545563,
826.398,-0.001475182,
826.836,-0.001075855,
827.274,-0.001783427,
827.712,-0.002883496,
828.150,-0.00342096,
828.588,-0.002252433,
829.026,-0.002905434,
829.464,-0.00546714,
829.902,-0.00484428,
830.339,-0.002600067,
830.777,-0.0008494155,
831.215,0.0005653127,
831.653,0.0009842311,
832.091,0.001155128,
832.529,0.001893021,
832.967,0.001336471,
833.405,-0.0009666404,
833.843,-0.003074296,
834.281,-0.004353005,
834.719,-0.006124495,
835.157,-0.006109731,
835.595,-0.005489364,
836.033,-0.006279177,
836.470,-0.007374779,
836.908,-0.008466767,
837.346,-0.008742129,
837.784,-0.007419576,
838.222,-0.004432823,
838.660,-0.0007676397,
839.098,0.00115163,
839.536,0.001521006,
839.974,0.001689025,
840.412,0.0007116272,
840.850,-0.0009862709,
841.288,-0.002542642,
841.726,-0.003921008,
842.164,-0.005862891,
842.601,-0.008748473,
843.039,-0.009919598,
843.477,-0.007757897,
843.915,-0.005255986,
844.353,-0.003971499,
844.791,-0.003603819,
845.229,-0.003205761,
845.667,-0.002514643,
846.105,-0.001313386,
846.543,-0.0002922778,
846.981,0.0001782728,
847.419,0.00142521,
847.857,0.003189118,
848.295,0.004514882,
848.733,0.003326415,
849.170,-8.119215E-5,
849.608,-0.003481216,
850.046,-0.005357508,
850.484,-0.004804993,
850.922,-0.002811847,
851.360,-0.0009211942,
851.798,0.0001102807,
852.236,0.0001063786,
852.674,-0.0002807177,
853.112,-0.002123238,
853.550,-0.00363164,
853.988,-0.003551453,
854.426,-0.003459838,
854.864,-0.003804999,
855.301,-0.003655121,
855.739,-0.002788079,
856.177,0.0001311241,
856.615,0.003860656,
857.053,0.004576948,
857.491,0.00403438,
857.929,0.002891304,
858.367,0.001375303,
858.805,-0.0004861271,
859.243,-0.001995466,
859.681,-0.00426957,
860.119,-0.007227018,
860.557,-0.008825049,
860.995,-0.008135617,
861.432,-0.007414482,
861.870,-0.007757466,
862.308,-0.007759417,
862.746,-0.006617408,
863.184,-0.004750671,
863.622,-0.003423204,
864.060,-0.004535709,
864.498,-0.005849531,
864.936,-0.005437125,
865.374,-0.003459527,
865.812,-0.003539813,
866.250,-0.005416412,
866.688,-0.006997035,
867.126,-0.006528559,
867.564,-0.006575058,
868.001,-0.006947057,
868.439,-0.008078258,
868.877,-0.01101045,
869.315,-0.01247396,
869.753,-0.01350723,
870.191,-0.01348249,
870.629,-0.01215548,
871.067,-0.01239859,
871.505,-0.01483784,
871.943,-0.01683514,
872.381,-0.01744309,
872.819,-0.01612449,
873.257,-0.01312468,
873.695,-0.008605012,
874.132,-0.00287922,
874.570,0.00205751,
875.008,0.005446716,
875.446,0.007990721,
875.884,0.008685505,
876.322,0.006839127,
876.760,0.006102735,
877.198,0.006140736,
877.636,0.0066104,
878.074,0.007418434,
878.512,0.007634872,
878.950,0.008411002,
879.388,0.008614424,
879.826,0.00765876,
880.263,0.006495171,
880.701,0.004379547,
881.139,0.001580337,
881.577,-0.002045924,
882.015,-0.005226889,
882.453,-0.007028291,
882.891,-0.006987887,
883.329,-0.006068601,
883.767,-0.006560196,
884.205,-0.005138603,
884.643,-0.004193002,
885.081,-0.004777116,
885.519,-0.003199885,
885.957,-0.001223495,
886.395,-0.001781645,
886.832,-0.002030763,
887.270,0.0008315912,
887.708,0.002585768,
888.146,0.002361304,
888.584,0.001067294,
889.022,0.0004379942,
889.460,0.001862679,
889.898,0.003047574,
890.336,0.00608696,
890.774,0.009563853,
891.212,0.009196762,
891.650,0.006593472,
892.088,0.005154117,
892.526,0.003517138,
892.963,0.003125365,
893.401,0.002867674,
893.839,-0.0002960282,
894.277,-0.001710651,
894.715,-0.002579274,
895.153,-0.004124394,
895.591,-0.005806983,
896.029,-0.005591828,
896.467,-0.003959937,
896.905,-0.004443288,
897.343,-0.006511746,
897.781,-0.006355051,
898.219,-0.0080777,
898.657,-0.01241749,
899.094,-0.01553972,
899.532,-0.01895688,
899.970,-0.01811941,
900.408,-0.01255859,
900.846,-0.007886508,
901.284,-0.003679262,
901.722,-0.0002156272,
902.160,0.00287187,
902.598,0.005235977,
903.036,0.007269608,
903.474,0.01034879,
903.912,0.01031052,
904.350,0.006939327,
904.788,0.005467394,
905.226,0.009020275,
905.663,0.01088742,
906.101,0.009967307,
906.539,0.01105686,
906.977,0.01411177,
907.415,0.01521461,
907.853,0.01459068,
908.291,0.01384082,
908.729,0.01382001,
909.167,0.01130585,
909.605,0.008120454,
910.043,0.004033715,
910.481,0.003521607,
910.919,0.003410852,
911.357,0.00185158,
911.794,0.003210902,
912.232,0.003638888,
912.670,0.002355773,
913.108,-0.0003378191,
913.546,-0.002195375,
913.984,-0.003405185,
914.422,-0.00280315,
914.860,-0.001849741,
915.298,-0.002950633,
915.736,-0.001263359,
916.174,0.0003215939,
916.612,-0.002217895,
917.050,-0.004401149,
917.488,-0.005559819,
917.925,-0.005372914,
918.363,-0.003894248,
918.801,-0.002302423,
919.239,-0.0008701452,
919.677,-0.000591437,
920.115,0.0007585171,
920.553,0.001512081,
920.991,0.001383985,
921.429,0.002023775,
921.867,0.001418944,
922.305,-0.0007512436,
922.743,-0.003188981,
923.181,-0.006674422,
923.619,-0.007808371,
924.057,-0.007534132,
924.494,-0.006235057,
924.932,-0.002404595,
925.370,-0.0001165651,
925.808,-0.0002690489,
926.246,-0.001517375,
926.684,-0.0004115189,
927.122,0.003177455,
927.560,0.004877726,
927.998,0.006526931,
928.436,0.007881653,
928.874,0.00548438,
929.312,0.005191776,
929.750,0.003918014,
930.188,0.001931852,
930.625,0.000747021,
931.063,-0.001177531,
931.501,-0.005849461,
931.939,-0.007009486,
932.377,-0.004271744,
932.815,-0.0001589455,
933.253,0.001714192,
933.691,0.00120281,
934.129,-0.0002739785,
934.567,-0.002122492,
935.005,-0.002199436,
935.443,-0.003668943,
935.881,-0.003232493,
936.319,-0.001949663,
936.756,-0.0002347859,
937.194,-1.813167E-5,
937.632,-0.0003397147,
938.070,0.0006718043,
938.508,0.001958143,
938.946,0.002609384,
939.384,0.003960106,
939.822,0.005286325,
940.260,0.003016236,
940.698,0.001705157,
941.136,0.002826496,
941.574,0.00647089,
942.012,0.00967295,
942.450,0.00815177,
942.888,0.004160047,
943.325,0.002126471,
943.763,0.001749221,
944.201,-0.001539896,
944.639,-0.003398959,
945.077,-0.001019972,
945.515,-0.001297776,
945.953,-0.00473874,
946.391,-0.009032066,
946.829,-0.01302585,
947.267,-0.01636317,
947.705,-0.01644346,
948.143,-0.01545538,
948.581,-0.01235971,
949.019,-0.009396425,
949.456,-0.008909222,
949.894,-0.008417886,
950.332,-0.005117598,
950.770,-0.002018632,
951.208,-0.002346884,
951.646,-0.002338534,
952.084,-0.002077962,
952.522,-0.0004468885,
952.960,0.001309955,
953.398,0.004357104,
953.836,0.0107894,
954.274,0.01149306,
954.712,0.0108169,
955.150,0.01252759,
955.588,0.01361271,
956.025,0.00995903,
956.463,0.00524453,
956.901,0.006678428,
957.339,0.007021241,
957.777,0.004843097,
958.215,0.001964624,
958.653,-0.0009638951,
959.091,0.0009251692,
959.529,0.001170882,
959.967,-0.0009288493,
960.405,-0.00557687,
960.843,-0.009153896,
961.281,-0.01103116,
961.719,-0.01138179,
962.156,-0.008484843,
962.594,-0.002831312,
963.032,-0.0007850527,
963.470,-0.003240385,
963.908,-0.005061658,
964.346,-0.006221514,
964.784,-0.005231504,
965.222,0.003111929,
965.660,0.007736019,
966.098,0.002896935,
966.536,-0.0006257994,
966.974,-0.001050795,
967.412,-0.002691443,
967.850,-0.002166227,
968.287,0.0009527573,
968.725,0.002973863,
969.163,0.002160112,
969.601,0.001794346,
970.039,0.002063894,
970.477,0.002538703,
970.915,0.005267304,
971.353,0.008895282,
971.791,0.01071414,
972.229,0.009062762,
972.667,0.01079251,
973.105,0.0124742,
973.543,0.01277528,
973.981,0.009350595,
974.419,0.007869466,
974.856,0.006551938,
975.294,0.002126763,
975.732,0.0005493072,
976.170,-0.00100183,
976.608,0.00223211,
977.046,0.001324593,
977.484,-0.00545604,
977.922,-0.006902264,
978.360,-0.002806657,
978.798,0.0004648067,
979.236,-0.002031353,
979.674,-0.006245856,
980.112,-0.009977935,
980.550,-0.007893335,
980.987,-0.003577074,
981.425,-0.003688819,
981.863,-0.01060589,
982.301,-0.01114127,
982.739,-0.004193404,
983.177,-0.0004558061,
983.615,-0.002249773,
984.053,-0.009519893,
984.491,-0.01435566,
984.929,-0.01281659,
985.367,-0.01070121,
985.805,-0.009836201,
986.243,-0.005655265,
986.681,-0.0016732,
987.118,0.0059134,
987.556,0.01044714,
987.994,0.009302028,
988.432,0.007832255,
988.870,0.009587102,
989.308,0.009168291,
989.746,0.00596192,
990.184,0.006504074,
990.622,0.008112961,
991.060,0.003047283,
991.498,-0.005516883,
991.936,-0.008830044,
992.374,-0.01051208,
992.812,-0.01138598,
993.250,-0.01013127,
993.687,-0.005206457,
994.125,-0.007000001,
994.563,-0.012133,
995.001,-0.01208868,
995.439,-0.01148193,
995.877,-0.009658,
996.315,-0.01002224,
996.753,-0.01086508,
997.191,-0.004990063,
997.629,-0.004622519,
998.067,-0.008243051,
998.505,-0.01177207,
998.943,-0.008800005,
999.381,-0.007008535,
999.818,-0.005585053,
1000.256,-0.001699971,
1000.694,0.00148477,
1001.132,0.002783739,
1001.570,0.006089436,
1002.008,0.003144039,
1002.446,-0.000147719,
1002.884,-0.005817061,
1003.322,-0.01885121,
1003.760,-0.02621075,
1004.198,-0.02468883,
1004.636,-0.02472286,
1005.074,-0.02122595,
1005.512,-0.01476127,
1005.949,-0.01524285,
1006.387,-0.01820538,
1006.825,-0.01620218,
1007.263,-0.01477957,
1007.701,-0.01524946,
1008.139,-0.02015241,
1008.577,-0.0214193,
1009.015,-0.02001225,
1009.453,-0.01657904,
1009.891,-0.009018047,
1010.329,-0.005654799,
1010.767,0.0004836761,
1011.205,0.007029608,
1011.643,0.006035086,
1012.081,0.008669662,
1012.518,0.01046436,
1012.956,0.01568094,
1013.394,0.01371918,
1013.832,0.005936083,
1014.270,0.002735025,
1014.708,0.0001938877,
1015.146,-0.001122631,
1015.584,-0.003927255,
1016.022,-0.007624805,
1016.460,-0.00656091,
1016.898,-0.01362393,
1017.336,-0.01424404,
1017.774,-0.01119056,
1018.212,-0.0101886,
1018.649,-0.007424853,
1019.087,-0.005388006,
1019.525,-0.006326339,
1019.963,-0.01110163,
1020.401,-0.01965984,
1020.839,-0.01855867,
1021.277,-0.004091501,
1021.715,-0.007116288,
1022.153,-0.01025502,
1022.591,-0.0115381,
1023.029,-0.00571124,
1023.467,0.00445089,
1023.905,0.01062079,
1024.343,0.009038018,
1024.780,0.009232459,
1025.218,0.01227761,
1025.656,0.0172667,
1026.094,0.01232499,
1026.532,0.01417213,
1026.970,0.01398761,
1027.408,0.005588539,
1027.846,0.00481453,
1028.284,0.007397093,
1028.722,-0.0008820488,
1029.160,-0.005037883,
1029.598,-0.003936468,
1030.036,-0.006231182,
1030.474,-0.008983138,
1030.912,-0.01022734,
1031.349,-0.01217613,
1031.787,-0.0116887,
1032.225,-0.009403843,
1032.663,-0.004232631,
1033.101,-0.002572686,
1033.539,0.003029271,
1033.977,0.0009839391,
1034.415,0.003003368,
1034.853,0.008481008,
1035.291,0.01654025,
1035.729,0.01392167,
1036.167,0.00580787,
1036.605,0.01395386,
1037.043,0.01300047,
1037.480,0.008100406,
1037.918,0.01751332,
1038.356,0.02056216,
1038.794,0.01935123,
1039.232,0.01151785,
1039.670,0.01381684,
1040.108,0.01700579,
1040.546,0.02785537,
1040.984,0.03670188,
1041.422,0.02394578,
1041.860,0.008909409,
1042.298,0.003996319,
1042.736,0.002871277,
1043.174,-0.003055958,
1043.611,-0.006868256,
1044.049,-0.01050938,
1044.487,-0.01457861,
1044.925,-0.01640675,
1045.363,-0.01541994,
1045.801,-0.02095389,
1046.239,-0.01645547,
1046.677,-0.006624408,
1047.115,0.002859239,
1047.553,-0.001110216,
1047.991,-0.001578884,
1048.429,-0.005698824,
1048.867,-0.01985552,
1049.305,-0.0306526,
1049.743,-0.02335735,
1050.180,-0.01045166,
1050.618,0.004581231,
1051.056,0.01806148,
1051.494,0.01813307,
1051.932,-0.003772267,
1052.370,-0.0008063586,
1052.808,-0.0003198711,
1053.246,-0.005201806,
1053.684,-0.008880575,
1054.122,-0.01701087,
1054.560,-0.02231415,
1054.998,-0.02756054,
1055.436,-0.003880324,
1055.874,0.02552876,
1056.311,0.01980843,
1056.749,0.002212275,
1057.187,-0.002475695,
1057.625,0.005586591,
1058.063,0.01749795,
1058.501,0.01675116,
1058.939,0.02535153,
1059.377,-0.0004089943,
1059.815,-0.02145206,
1060.253,-0.03306335,
1060.691,-0.02806594,
1061.129,0.001148663,
1061.567,0.005419918,
1062.005,-0.00495002,
1062.442,-0.002442659,
1062.880,0.01154364,
1063.318,0.02978173,
1063.756,0.02089498,
1064.194,0.02344917,
1064.632,0.03542087,
1065.070,0.02991633,
1065.508,0.01420239,
1065.946,0.0040957,
1066.384,-0.002545094,
1066.822,-0.001111916,
1067.260,0.008000616,
1067.698,0.0310374,
1068.136,0.04441601,
1068.574,0.02910538,
1069.011,0.02708054,
1069.449,0.02083322,
1069.887,-0.007930504,
1070.325,-0.007706564,
1070.763,0.01189186,
1071.201,0.001223435,
1071.639,-0.01184308,
1072.077,-0.02031476,
1072.515,0.01056355,
1072.953,0.03183478,
1073.391,0.02301716,
1073.829,0.02242498,
1074.267,0.002266688,
1074.705,-0.001313931,
1075.142,-0.006069619,
1075.580,-0.0006753442,
1076.018,-0.005763708,
1076.456,0.003939822,
1076.894,0.001904718,
1077.332,-0.005747221,
1077.770,0.01649713,
1078.208,0.0281014,
1078.646,0.03545559,
1079.084,0.01061313,
1079.522,0.007971042,
1079.960,0.008895755,
1080.398,0.02830007,
1080.836,0.04820734,
1081.273,0.06890775,
1081.711,0.1009743,
1082.149,0.0682283,
1082.587,0.03164669,
1083.025,0.04094526,
1083.463,0.03930931,
1083.901,0.03050519,
1084.339,0.03635821,
